# Blender 4.3.2
# www.blender.org
mtllib monkey_scene.mtl
o Icosphere
v 0.000000 1.097557 -0.000000
v 0.723607 1.650338 0.525725
v -0.276388 1.650337 0.850649
v -0.894426 1.650342 -0.000000
v -0.276388 1.650337 -0.850649
v 0.723607 1.650338 -0.525725
v 0.276388 2.544777 0.850649
v -0.723607 2.544777 0.525725
v -0.723607 2.544777 -0.525725
v 0.276388 2.544777 -0.850649
v 0.894426 2.544773 -0.000000
v 0.000000 3.097557 -0.000000
v -0.162456 1.246903 0.499995
v 0.425323 1.246903 0.309011
v 0.262869 1.571819 0.809012
v 0.850648 1.571821 -0.000000
v 0.425323 1.246903 -0.309011
v -0.525730 1.246905 -0.000000
v -0.688189 1.571821 0.499997
v -0.162456 1.246903 -0.499995
v -0.688189 1.571821 -0.499997
v 0.262869 1.571819 -0.809012
v 0.951058 2.097557 0.309013
v 0.951058 2.097557 -0.309013
v 0.000000 2.097557 1.000000
v 0.587786 2.097557 0.809017
v -0.951058 2.097557 0.309013
v -0.587786 2.097557 0.809017
v -0.587786 2.097557 -0.809017
v -0.951058 2.097557 -0.309013
v 0.587786 2.097557 -0.809017
v 0.000000 2.097557 -1.000000
v 0.688189 2.623293 0.499997
v -0.262869 2.623295 0.809012
v -0.850648 2.623293 -0.000000
v -0.262869 2.623295 -0.809012
v 0.688189 2.623293 -0.499997
v 0.162456 2.948211 0.499995
v 0.525730 2.948209 -0.000000
v -0.425323 2.948211 0.309011
v -0.425323 2.948211 -0.309011
v 0.162456 2.948211 -0.499995
vn 0.1024 -0.9435 0.3151
vn 0.7002 -0.6617 0.2680
vn -0.2680 -0.9435 0.1947
vn -0.2680 -0.9435 -0.1947
vn 0.1024 -0.9435 -0.3151
vn 0.9050 -0.3304 0.2680
vn 0.0247 -0.3304 0.9435
vn -0.8897 -0.3304 0.3151
vn -0.5746 -0.3304 -0.7488
vn 0.5346 -0.3304 -0.7779
vn 0.8026 -0.1256 0.5831
vn -0.3066 -0.1256 0.9435
vn -0.9921 -0.1256 -0.0000
vn -0.3066 -0.1256 -0.9435
vn 0.8026 -0.1256 -0.5831
vn 0.4089 0.6617 0.6284
vn -0.4713 0.6617 0.5831
vn -0.7002 0.6617 -0.2680
vn 0.0385 0.6617 -0.7488
vn 0.7240 0.6617 -0.1947
vn 0.2680 0.9435 -0.1947
vn 0.4911 0.7947 -0.3568
vn 0.4089 0.6617 -0.6284
vn -0.1024 0.9435 -0.3151
vn -0.1876 0.7947 -0.5773
vn -0.4713 0.6617 -0.5831
vn -0.3313 0.9435 -0.0000
vn -0.6071 0.7947 -0.0000
vn -0.7002 0.6617 0.2680
vn -0.1024 0.9435 0.3151
vn -0.1876 0.7947 0.5773
vn 0.0385 0.6617 0.7488
vn 0.2680 0.9435 0.1947
vn 0.4911 0.7947 0.3568
vn 0.7240 0.6617 0.1947
vn 0.8897 0.3304 -0.3151
vn 0.7947 0.1876 -0.5773
vn 0.5746 0.3304 -0.7488
vn -0.0247 0.3304 -0.9435
vn -0.3035 0.1876 -0.9342
vn -0.5346 0.3304 -0.7779
vn -0.9050 0.3304 -0.2680
vn -0.9822 0.1876 -0.0000
vn -0.9050 0.3304 0.2680
vn -0.5346 0.3304 0.7779
vn -0.3035 0.1876 0.9342
vn -0.0247 0.3304 0.9435
vn 0.5746 0.3304 0.7488
vn 0.7947 0.1876 0.5773
vn 0.8897 0.3304 0.3151
vn 0.3066 0.1256 -0.9435
vn 0.3035 -0.1876 -0.9342
vn 0.0247 -0.3304 -0.9435
vn -0.8026 0.1256 -0.5831
vn -0.7947 -0.1876 -0.5773
vn -0.8897 -0.3304 -0.3151
vn -0.8026 0.1256 0.5831
vn -0.7947 -0.1876 0.5773
vn -0.5746 -0.3304 0.7488
vn 0.3066 0.1256 0.9435
vn 0.3035 -0.1876 0.9342
vn 0.5346 -0.3304 0.7779
vn 0.9921 0.1256 -0.0000
vn 0.9822 -0.1876 -0.0000
vn 0.9050 -0.3304 -0.2680
vn 0.4713 -0.6617 -0.5831
vn 0.1876 -0.7947 -0.5773
vn -0.0385 -0.6617 -0.7488
vn -0.4089 -0.6617 -0.6284
vn -0.4911 -0.7947 -0.3568
vn -0.7240 -0.6617 -0.1947
vn -0.7240 -0.6617 0.1947
vn -0.4911 -0.7947 0.3568
vn -0.4089 -0.6617 0.6284
vn 0.7002 -0.6617 -0.2680
vn 0.6071 -0.7947 -0.0000
vn 0.3313 -0.9435 -0.0000
vn -0.0385 -0.6617 0.7488
vn 0.1876 -0.7947 0.5773
vn 0.4713 -0.6617 0.5831
vt 0.181819 0.000000
vt 0.227273 0.078731
vt 0.136365 0.078731
vt 0.272728 0.157461
vt 0.318182 0.078731
vt 0.363637 0.157461
vt 0.909091 0.000000
vt 0.954545 0.078731
vt 0.863636 0.078731
vt 0.727273 0.000000
vt 0.772727 0.078731
vt 0.681818 0.078731
vt 0.545455 0.000000
vt 0.590909 0.078731
vt 0.500000 0.078731
vt 0.318182 0.236191
vt 0.090910 0.157461
vt 0.181819 0.157461
vt 0.136365 0.236191
vt 0.818182 0.157461
vt 0.909091 0.157461
vt 0.863636 0.236191
vt 0.636364 0.157461
vt 0.727273 0.157461
vt 0.681818 0.236191
vt 0.454546 0.157461
vt 0.545455 0.157461
vt 0.500000 0.236191
vt 0.227273 0.236191
vt 0.045455 0.236191
vt 0.772727 0.236191
vt 0.590909 0.236191
vt 0.409092 0.236191
vt 0.181819 0.314921
vt 0.272728 0.314921
vt 0.227273 0.393651
vt 0.000000 0.314921
vt 0.090910 0.314921
vt 0.045455 0.393651
vt 0.727273 0.314921
vt 0.818182 0.314921
vt 0.772727 0.393651
vt 0.545455 0.314921
vt 0.636364 0.314921
vt 0.590909 0.393651
vt 0.363637 0.314921
vt 0.454546 0.314921
vt 0.409092 0.393651
vt 0.500000 0.393651
vt 0.454546 0.472382
vt 0.681818 0.393651
vt 0.636364 0.472382
vt 0.863636 0.393651
vt 0.818182 0.472382
vt 0.909091 0.314921
vt 0.136365 0.393651
vt 0.090910 0.472382
vt 0.318182 0.393651
vt 0.272728 0.472382
vt 0.954545 0.236191
vt 1.000000 0.157461
vt 0.409092 0.078731
vt 0.363637 0.000000
s 1
usemtl Material.001
f 1/1/1 14/2/1 13/3/1
f 2/4/2 14/5/2 16/6/2
f 1/7/3 13/8/3 18/9/3
f 1/10/4 18/11/4 20/12/4
f 1/13/5 20/14/5 17/15/5
f 2/4/6 16/6/6 23/16/6
f 3/17/7 15/18/7 25/19/7
f 4/20/8 19/21/8 27/22/8
f 5/23/9 21/24/9 29/25/9
f 6/26/10 22/27/10 31/28/10
f 2/4/11 23/16/11 26/29/11
f 3/17/12 25/19/12 28/30/12
f 4/20/13 27/22/13 30/31/13
f 5/23/14 29/25/14 32/32/14
f 6/26/15 31/28/15 24/33/15
f 7/34/16 33/35/16 38/36/16
f 8/37/17 34/38/17 40/39/17
f 9/40/18 35/41/18 41/42/18
f 10/43/19 36/44/19 42/45/19
f 11/46/20 37/47/20 39/48/20
f 39/48/21 42/49/21 12/50/21
f 39/48/22 37/47/22 42/49/22
f 37/47/23 10/43/23 42/49/23
f 42/45/24 41/51/24 12/52/24
f 42/45/25 36/44/25 41/51/25
f 36/44/26 9/40/26 41/51/26
f 41/42/27 40/53/27 12/54/27
f 41/42/28 35/41/28 40/53/28
f 35/41/29 8/55/29 40/53/29
f 40/39/30 38/56/30 12/57/30
f 40/39/31 34/38/31 38/56/31
f 34/38/32 7/34/32 38/56/32
f 38/36/33 39/58/33 12/59/33
f 38/36/34 33/35/34 39/58/34
f 33/35/35 11/46/35 39/58/35
f 24/33/36 37/47/36 11/46/36
f 24/33/37 31/28/37 37/47/37
f 31/28/38 10/43/38 37/47/38
f 32/32/39 36/44/39 10/43/39
f 32/32/40 29/25/40 36/44/40
f 29/25/41 9/40/41 36/44/41
f 30/31/42 35/41/42 9/40/42
f 30/31/43 27/22/43 35/41/43
f 27/22/44 8/55/44 35/41/44
f 28/30/45 34/38/45 8/37/45
f 28/30/46 25/19/46 34/38/46
f 25/19/47 7/34/47 34/38/47
f 26/29/48 33/35/48 7/34/48
f 26/29/49 23/16/49 33/35/49
f 23/16/50 11/46/50 33/35/50
f 31/28/51 32/32/51 10/43/51
f 31/28/52 22/27/52 32/32/52
f 22/27/53 5/23/53 32/32/53
f 29/25/54 30/31/54 9/40/54
f 29/25/55 21/24/55 30/31/55
f 21/24/56 4/20/56 30/31/56
f 27/22/57 28/60/57 8/55/57
f 27/22/58 19/21/58 28/60/58
f 19/21/59 3/61/59 28/60/59
f 25/19/60 26/29/60 7/34/60
f 25/19/61 15/18/61 26/29/61
f 15/18/62 2/4/62 26/29/62
f 23/16/63 24/33/63 11/46/63
f 23/16/64 16/6/64 24/33/64
f 16/6/65 6/26/65 24/33/65
f 17/15/66 22/27/66 6/26/66
f 17/15/67 20/14/67 22/27/67
f 20/14/68 5/23/68 22/27/68
f 20/12/69 21/24/69 5/23/69
f 20/12/70 18/11/70 21/24/70
f 18/11/71 4/20/71 21/24/71
f 18/9/72 19/21/72 4/20/72
f 18/9/73 13/8/73 19/21/73
f 13/8/74 3/61/74 19/21/74
f 16/6/75 17/62/75 6/26/75
f 16/6/76 14/5/76 17/62/76
f 14/5/77 1/63/77 17/62/77
f 13/3/78 15/18/78 3/17/78
f 13/3/79 14/2/79 15/18/79
f 14/2/80 2/4/80 15/18/80
o Plane
v -13.520702 0.186276 13.520702
v 13.520702 0.186276 13.520702
v -13.520702 0.186274 -13.520702
v 13.520702 0.186274 -13.520702
vn -0.0000 1.0000 -0.0000
vt 1.000000 0.000000
vt 0.000000 1.000000
vt 0.000000 0.000000
vt 1.000000 1.000000
s 1
usemtl Material.002
f 44/64/81 45/65/81 43/66/81
f 44/64/81 46/67/81 45/65/81
o Suzanne
v 3.506622 2.573426 0.130383
v 2.686548 2.573426 0.435510
v 3.553135 2.474176 0.076164
v 2.615906 2.474176 0.424880
v 3.570204 2.387260 -0.012381
v 2.545111 2.387260 0.369028
v 3.412212 2.337611 0.123081
v 2.753223 2.337611 0.368272
v 3.434063 2.434457 0.181809
v 2.775074 2.434457 0.427000
v 3.436103 2.553566 0.187292
v 2.777115 2.553566 0.432483
v 3.362408 2.588479 0.213261
v 2.849861 2.588479 0.403965
v 3.291607 2.500518 0.224606
v 2.910858 2.500518 0.366272
v 3.225587 2.421128 0.181587
v 2.932703 2.421128 0.290560
v 3.123259 2.589206 0.130600
v 2.976817 2.589206 0.185087
v 3.208097 2.630601 0.179389
v 2.944502 2.630601 0.277465
v 3.319997 2.656943 0.188889
v 2.866027 2.656943 0.357799
v 3.334850 2.732254 0.139195
v 2.822304 2.732254 0.329900
v 3.241741 2.760683 0.090582
v 2.860992 2.760683 0.232248
v 3.161285 2.756604 0.008766
v 2.868401 2.756604 0.117740
v 3.321665 2.810016 -0.120278
v 2.662676 2.810016 0.124913
v 3.363200 2.804165 -0.008646
v 2.704211 2.804165 0.236545
v 3.398047 2.752113 0.085011
v 2.739058 2.752113 0.330202
v 3.479064 2.717201 0.056317
v 2.658990 2.717201 0.361444
v 3.503268 2.734341 -0.057860
v 2.566040 2.734341 0.290857
v 3.505903 2.722735 -0.185201
v 2.480809 2.722735 0.196207
v 3.607156 2.544048 -0.137104
v 2.435620 2.544048 0.298791
v 3.582003 2.596732 -0.025476
v 2.527622 2.596732 0.366830
v 3.520401 2.638127 0.077800
v 2.641749 2.638127 0.404721
v 3.532497 2.645653 0.087909
v 2.639202 2.645653 0.420279
v 3.489849 2.731574 0.062899
v 2.655130 2.731574 0.373475
v 3.402585 2.777096 0.097207
v 2.743596 2.777096 0.342398
v 3.333378 2.750390 0.157643
v 2.835476 2.750390 0.342898
v 3.312515 2.668232 0.213588
v 2.887834 2.668232 0.371600
v 3.363561 2.592922 0.238762
v 2.865658 2.592922 0.424018
v 3.432056 2.671996 0.176415
v 2.773067 2.671996 0.421606
v 3.445890 2.551163 0.213596
v 2.786901 2.551163 0.458787
v 3.520031 2.574106 0.144019
v 2.685313 2.574106 0.454594
v 3.044805 2.794915 0.143780
v 3.081803 2.764083 0.243217
v 3.228761 1.818958 0.638190
v 3.182721 2.156473 0.514450
v 3.165187 2.280389 0.467326
v 3.239733 1.729274 0.667680
v 3.005768 2.706639 0.038861
v 2.968660 2.835362 -0.060872
v 2.572137 2.584780 -1.126588
v 2.535453 2.143620 -1.225180
v 2.625289 1.723583 -0.983733
v 2.847037 1.556043 -0.387753
v 3.283938 2.167494 0.203992
v 2.903189 2.167494 0.345658
v 3.430827 1.952171 0.285130
v 2.845060 1.952171 0.503078
v 3.510743 1.726238 0.387898
v 2.851754 1.726238 0.633089
v 3.546257 1.536261 0.438539
v 2.857980 1.536261 0.694628
v 3.516445 1.484573 0.470433
v 2.901389 1.484573 0.699278
v 3.390811 1.479087 0.558443
v 3.053995 1.479087 0.683763
v 3.232190 1.476683 0.647407
v 3.486177 2.193520 0.075434
v 2.666102 2.193520 0.380560
v 3.654557 2.286287 -0.032109
v 2.468378 2.286287 0.409235
v 3.777466 2.405443 -0.261864
v 2.225181 2.405443 0.315697
v 3.804874 2.723415 -0.277815
v 2.194013 2.723415 0.321542
v 3.666118 2.786393 -0.225074
v 2.333496 2.786393 0.270757
v 3.460515 2.919195 -0.150363
v 2.537931 2.919195 0.192905
v 3.287508 3.078703 -0.122466
v 2.687096 3.078703 0.100930
v 3.147468 3.055760 -0.028370
v 2.854584 3.055760 0.080604
v 3.095271 2.853450 0.100187
v 2.978117 2.853450 0.143776
v 3.210743 2.796275 0.119290
v 2.903215 2.796275 0.233712
v 3.190117 2.696662 0.175872
v 2.955810 2.696662 0.263051
v 3.291607 2.500518 0.224606
v 2.910858 2.500518 0.366272
v 3.453879 2.413238 0.167856
v 2.750958 2.413238 0.429394
v 3.546287 2.439264 0.080163
v 2.623703 2.439264 0.423430
v 3.642604 2.537518 -0.041832
v 2.471068 2.537518 0.394063
v 3.638876 2.633368 -0.096658
v 2.438052 2.633368 0.350135
v 3.593918 2.709359 -0.105472
v 2.466315 2.709359 0.314077
v 3.439046 2.790472 -0.028836
v 2.633615 2.790472 0.270842
v 3.277326 2.836674 0.051800
v 2.808712 2.836674 0.226158
v 3.243196 1.743647 0.676986
v 3.337831 1.784725 0.617684
v 3.132813 1.784725 0.693965
v 3.357675 1.670739 0.648613
v 3.138012 1.670739 0.730344
v 3.309520 1.622134 0.676012
v 3.192366 1.622134 0.719602
v 3.249867 1.611525 0.694917
v 3.152175 2.250963 0.432353
v 3.140601 2.295125 0.401247
v 3.237101 2.288279 0.369358
v 3.046726 2.288279 0.440191
v 3.274577 2.223577 0.402871
v 3.040270 2.223577 0.490050
v 3.246078 2.165043 0.438291
v 3.084991 2.165043 0.498227
v 3.476794 2.343414 0.162232
v 2.729940 2.343414 0.440116
v 3.650428 2.409839 0.001600
v 2.493537 2.409839 0.432047
v 3.720842 2.528632 -0.122803
v 2.358932 2.528632 0.383926
v 3.723328 2.705595 -0.160927
v 2.332130 2.705595 0.356698
v 3.686999 2.773696 -0.101741
v 2.398310 2.773696 0.377743
v 3.451870 2.923954 -0.016770
v 2.631796 2.923954 0.288356
v 3.330907 3.024927 0.016579
v 2.745139 3.024927 0.234527
v 3.237109 3.011914 0.078134
v 2.856360 3.011914 0.219800
v 3.171029 2.843837 0.191781
v 2.980655 2.843837 0.262614
v 3.272681 2.363226 0.397773
v 3.038373 2.363226 0.484952
v 3.379927 2.013061 0.439574
v 2.984534 2.013061 0.586689
v 3.452680 1.775839 0.523091
v 2.984066 1.775839 0.697449
v 3.479846 1.661853 0.551297
v 2.981943 1.661853 0.736552
v 3.456755 1.564643 0.578851
v 3.017429 1.564643 0.742311
v 3.393481 1.550950 0.610424
v 3.085953 1.550950 0.724846
v 3.244729 1.541021 0.681106
v 3.104332 2.451913 0.303767
v 3.088711 2.614505 0.261785
v 3.344460 2.835994 0.008196
v 2.729403 2.835994 0.237041
v 3.249511 2.545360 0.223483
v 2.941983 2.545360 0.337905
v 3.210799 2.610741 0.209054
v 2.961848 2.610741 0.301682
v 3.339905 1.812111 0.600851
v 3.120242 1.812111 0.682582
v 3.267388 2.031877 0.517971
v 3.120946 2.031877 0.572458
v 3.194167 2.031877 0.545215
v 3.172096 2.130810 0.485894
v 3.262712 2.197551 0.460597
v 3.086982 2.197551 0.525981
v 3.296224 2.246156 0.438646
v 3.047273 2.246156 0.531274
v 3.253736 2.320787 0.391663
v 3.048717 2.320787 0.467945
v 3.186524 2.327634 0.412655
v 3.113303 2.327634 0.439899
v 3.177361 2.281748 0.500046
v 3.207333 2.322147 0.446178
v 3.119468 2.322147 0.478870
v 3.252578 2.315301 0.433359
v 3.076848 2.315301 0.498743
v 3.283808 2.261209 0.472486
v 3.078789 2.261209 0.548768
v 3.251294 2.229380 0.474714
v 3.104852 2.229380 0.529201
v 3.184634 2.195148 0.519593
v 3.353801 2.054188 0.234936
v 2.870543 2.054188 0.414743
v 3.301875 2.191069 0.364220
v 2.994347 2.191069 0.478642
v 3.328330 2.129451 0.390513
v 2.991513 2.129451 0.515833
v 3.321337 2.108959 0.214894
v 2.882011 2.108959 0.378355
v 3.247243 1.625218 0.687863
v 3.289863 1.632064 0.667990
v 3.201998 1.632064 0.700682
v 3.333085 1.684432 0.649732
v 3.157354 1.684432 0.715117
v 3.324737 1.760423 0.627296
v 3.149006 1.760423 0.692681
v 3.221946 1.692322 0.619873
v 3.306949 1.723471 0.579490
v 3.131219 1.723471 0.644874
v 3.310285 1.657410 0.588455
v 3.134555 1.657410 0.653840
v 3.270526 1.619415 0.616019
v 3.182661 1.619415 0.648712
v 3.227906 1.612568 0.635893
v 3.253260 2.628877 0.211156
v 2.931088 2.628877 0.331027
v 3.276015 2.570343 0.227506
v 2.924554 2.570343 0.358274
v 3.364430 2.802442 0.039467
v 2.734730 2.802442 0.273761
v 3.311941 2.803122 0.077622
v 2.799394 2.803122 0.268326
v 3.454997 2.782582 0.036440
v 2.664211 2.782582 0.330670
v 3.570794 2.703872 -0.055603
v 2.516412 2.703872 0.336703
v 3.600871 2.645337 -0.041977
v 2.502557 2.645337 0.366675
v 3.606909 2.559417 -0.003346
v 2.523238 2.559417 0.399857
v 3.539406 2.496075 0.106477
v 2.646110 2.496075 0.438847
v 3.457943 2.473133 0.178778
v 2.755021 2.473133 0.440315
v 3.322886 2.533027 0.241462
v 2.898205 2.533027 0.399475
v 3.247459 2.697342 0.173162
v 2.910643 2.697342 0.298482
v 3.263625 2.765806 0.126995
v 2.868232 2.765806 0.274110
v 3.281053 2.740824 0.106626
v 2.841727 2.740824 0.270087
v 3.254941 2.686052 0.148463
v 2.888836 2.686052 0.284680
v 3.327744 2.535430 0.209710
v 2.873774 2.535430 0.378619
v 3.449231 2.486146 0.155364
v 2.746310 2.486146 0.416901
v 3.517363 2.502242 0.092038
v 2.653355 2.502242 0.413511
v 3.572608 2.569346 -0.005919
v 2.547515 2.569346 0.375489
v 3.568120 2.630965 -0.040386
v 2.528382 2.630965 0.346471
v 3.539355 2.682653 -0.050485
v 2.543550 2.682653 0.320026
v 3.441825 2.764446 0.023441
v 2.665683 2.764446 0.312222
v 3.320812 2.778819 0.079062
v 2.793621 2.778819 0.275215
v 3.365979 2.778139 0.043631
v 2.736279 2.778139 0.277925
v 3.280872 2.572746 0.195753
v 2.900123 2.572746 0.337419
v 3.264364 2.620671 0.173789
v 2.898259 2.620671 0.310006
v 3.101478 2.758327 -0.017552
v 2.896460 2.758327 0.058730
v 3.150290 2.940098 -0.132803
v 2.784185 2.940098 0.003414
v 3.270988 2.949348 -0.211672
v 2.641288 2.949348 0.022621
v 3.420480 2.814143 -0.235560
v 2.512540 2.814143 0.102258
v 3.601492 2.695034 -0.309152
v 2.327447 2.695034 0.164884
v 3.709647 2.638902 -0.354522
v 2.215939 2.638902 0.201244
v 3.702099 2.385268 -0.307598
v 2.252324 2.385268 0.231823
v 3.580508 2.260308 -0.141513
v 2.452905 2.260308 0.278036
v 3.459204 2.204493 0.002938
v 2.639129 2.204493 0.308065
v 2.827595 2.987438 -0.440004
v 2.700950 2.885881 -0.780384
v 2.717656 1.566068 -0.735483
v 3.024894 1.747236 0.090268
v 3.195066 1.427082 0.547630
v 3.130384 1.521256 0.373787
v 3.083853 1.715360 0.248729
v 3.057481 1.771855 0.177849
v 3.665624 2.292596 -0.629667
v 2.069407 2.292596 -0.035760
v 3.627474 2.318986 -0.754605
v 2.016612 2.318986 -0.155249
v 3.436743 2.082902 -1.020783
v 1.986968 2.082902 -0.481362
v 3.033815 2.105577 -1.207569
v 2.169808 2.105577 -0.886096
v 3.607809 2.053650 -0.448999
v 2.231255 2.053650 0.063178
v 3.417510 1.872291 -0.557192
v 2.304551 1.872291 -0.143091
v 3.360585 1.847040 -0.844609
v 2.159761 1.847040 -0.397816
v 2.992901 1.788917 -0.959075
v 2.363200 1.788917 -0.724782
v 3.293035 1.948455 0.138827
v 2.853709 1.948455 0.302288
v 3.206916 1.822184 0.064196
v 2.870100 1.822184 0.189516
v 3.397491 1.622229 0.262746
v 2.855656 1.622229 0.464348
v 3.327837 1.810847 0.187557
v 2.859223 1.810847 0.361915
v 3.472996 1.451748 0.353658
v 2.857940 1.451748 0.582503
v 3.261470 1.573624 0.322837
v 2.997875 1.573624 0.420913
v 3.207695 1.761562 0.223115
v 2.973388 1.761562 0.310294
v 3.336419 1.443178 0.457061
v 3.028891 1.443178 0.571483
v 3.273742 2.021363 0.131783
v 2.863705 2.021363 0.284347
v 3.269172 2.088104 0.141903
v 2.873778 2.088104 0.289017
v 3.262213 2.151081 0.145605
v 2.881464 2.151081 0.287271
v 3.203618 1.797565 -0.034282
v 2.808225 1.797565 0.112833
v 3.139728 1.659055 -0.452437
v 2.583249 1.659055 -0.245386
v 3.072541 1.671120 -0.767432
v 2.428197 1.671120 -0.527690
v 3.052204 2.636421 -1.135742
v 2.202841 2.636421 -0.819718
v 3.137205 2.841719 -0.907291
v 2.287841 2.841719 -0.591267
v 3.243438 2.920018 -0.621771
v 2.394075 2.920018 -0.305747
v 3.365563 2.726546 -0.315946
v 2.501555 2.726546 0.005526
v 3.605549 2.578691 -0.432670
v 2.243639 2.578691 0.074058
v 3.493098 2.593428 -0.466056
v 2.306918 2.593428 -0.024712
v 3.389190 2.703382 -0.767727
v 2.188366 2.703382 -0.320934
v 3.580740 2.614015 -0.700979
v 2.087033 2.614015 -0.145212
v 3.497543 2.545282 -0.924584
v 2.003835 2.545282 -0.368818
v 3.304918 2.624040 -0.994222
v 2.104094 2.624040 -0.547429
v 3.240330 2.442001 -1.167813
v 2.039505 2.442001 -0.721021
v 3.436655 2.360160 -1.088232
v 1.942947 2.360160 -0.532465
v 3.234441 2.066174 -1.116428
v 2.077550 2.066174 -0.685981
v 3.173082 1.817979 -0.900480
v 2.265142 1.817979 -0.562661
v 3.541801 2.250569 -0.872844
v 2.004161 2.250569 -0.300731
v 3.345152 1.981739 -0.213979
v 2.583654 1.981739 0.069353
v 3.261232 1.788094 -0.506738
v 2.455801 1.788094 -0.207060
v 3.585028 2.303981 -0.958299
v 1.915590 2.303981 -0.337148
v 3.600480 1.877414 -0.580714
v 2.150705 1.877414 -0.041294
v 3.780796 1.813804 -0.857810
v 1.833118 1.813804 -0.133134
v 3.950498 1.901812 -1.096221
v 1.548851 1.901812 -0.202635
v 3.974167 2.138354 -1.234239
v 1.440722 2.138354 -0.291616
v 3.832841 2.302669 -1.278021
v 1.519059 2.302669 -0.417128
v 3.673818 2.327967 -1.100522
v 1.755429 2.327967 -0.386744
v 3.684157 2.284485 -1.050332
v 1.780412 2.284485 -0.342002
v 3.810269 2.256103 -1.204266
v 1.584352 2.256103 -0.376064
v 3.903648 2.118495 -1.177330
v 1.531289 2.118495 -0.294642
v 3.887825 1.933641 -1.063033
v 1.617975 1.933641 -0.218485
v 3.770138 1.879865 -0.864052
v 1.837105 1.879865 -0.144824
v 3.637537 1.935269 -0.637944
v 2.085253 1.935269 -0.060383
v 3.626965 2.270428 -0.935201
v 1.898950 2.270428 -0.292256
v 3.636630 2.188635 -0.976436
v 1.864682 2.188635 -0.317144
v 3.657043 1.938716 -0.742343
v 2.002249 1.938716 -0.126641
v 3.751799 1.883992 -0.935744
v 1.804121 1.883992 -0.211068
v 3.851297 1.928518 -1.093997
v 1.625380 1.928518 -0.265796
v 3.868984 2.065446 -1.180882
v 1.555202 2.065446 -0.319988
v 3.794423 2.165060 -1.202047
v 1.597794 2.165060 -0.384744
v 3.681802 2.188998 -1.079064
v 1.763413 2.188998 -0.365286
v 3.567942 2.212574 -0.869799
v 1.986369 2.212574 -0.281340
v 3.561204 2.079772 -0.865504
v 1.994275 2.079772 -0.282494
v 3.501106 2.011307 -0.802991
v 2.080619 2.011307 -0.274468
v 3.560995 2.004461 -0.821259
v 2.023355 2.004461 -0.249146
v 3.594772 1.942843 -0.797689
v 2.013199 1.942843 -0.209231
v 3.570732 1.915457 -0.772684
v 2.047736 1.915457 -0.206020
v 3.549639 2.026992 -0.582936
v 2.187729 2.026992 -0.076208
v 3.515217 1.957532 -0.653048
v 2.167951 1.957532 -0.151769
v 3.499943 2.004777 -0.694097
v 2.152678 2.004777 -0.192817
v 3.538444 2.137263 -0.814656
v 2.044736 2.137263 -0.258890
v 3.603036 2.145153 -0.909900
v 1.933598 2.145153 -0.288749
v 3.587636 2.111964 -0.951290
v 1.918198 2.111964 -0.330139
v 3.556407 1.892878 -0.811184
v 2.033412 1.892878 -0.244520
v 3.587769 1.920264 -0.838914
v 1.991552 1.920264 -0.245006
v 3.555305 1.975035 -0.858956
v 2.003020 1.975035 -0.281395
v 3.494103 1.988728 -0.844215
v 2.058972 1.988728 -0.310243
v 3.554201 2.057193 -0.906728
v 1.972629 2.057193 -0.318269
v 3.682359 2.148963 -1.122376
v 1.734681 2.148963 -0.397700
v 3.797367 2.128788 -1.238942
v 1.571449 2.128788 -0.410741
v 3.877938 2.036021 -1.224028
v 1.520223 2.036021 -0.346789
v 3.862638 1.902855 -1.130726
v 1.592788 1.902855 -0.286179
v 3.742409 1.857650 -0.983385
v 1.780087 1.857650 -0.253261
v 3.639019 1.919220 -0.790786
v 1.984225 1.919220 -0.175084
v 3.629864 2.148600 -1.017023
v 1.843273 2.148600 -0.352283
v 3.606245 1.998658 -0.901275
v 1.936807 1.998658 -0.280125
v 3.655663 1.953816 -0.902876
v 1.898360 1.953816 -0.249033
v 3.694192 1.993535 -0.978553
v 1.819735 1.993535 -0.281121
v 3.654483 2.042140 -0.973260
v 1.853247 2.042140 -0.303071
v 3.688077 2.085622 -1.039796
v 1.784332 2.085622 -0.331466
v 3.730174 2.040780 -1.038673
v 1.753208 2.040780 -0.303099
v 3.775104 2.057556 -1.074741
v 1.695629 2.057556 -0.301027
v 3.742640 2.112328 -1.094783
v 1.707097 2.112328 -0.337415
v 3.627855 2.210945 -1.224054
v 1.709466 2.210945 -0.510276
v 3.815847 2.208226 -1.368502
v 1.472777 2.208226 -0.496711
v 3.968874 2.080183 -1.293274
v 1.406140 2.080183 -0.339753
v 3.948750 1.852891 -1.190535
v 1.488525 1.852891 -0.275155
v 3.728034 1.748471 -0.999615
v 1.780357 1.748471 -0.274939
v 3.550426 1.793265 -0.760051
v 2.071362 1.793265 -0.209733
v 3.514314 2.211941 -1.058738
v 1.903453 2.211941 -0.459382
vn 0.8768 0.1706 0.4496
vn -0.3697 0.1706 0.9134
vn 0.9717 -0.0402 0.2330
vn -0.5831 -0.0402 0.8114
vn 0.6587 -0.4809 0.5787
vn -0.1202 -0.4809 0.8685
vn 0.6618 -0.0693 0.7465
vn -0.0129 -0.0693 0.9975
vn 0.2731 -0.0689 0.9595
vn 0.4205 -0.0689 0.9047
vn 0.0318 -0.5116 0.8586
vn 0.5372 -0.5116 0.6706
vn -0.5004 -0.0327 0.8652
vn 0.9442 -0.0327 0.3277
vn -0.1436 0.2450 0.9588
vn 0.7354 0.2450 0.6318
vn -0.2166 0.5805 0.7850
vn 0.6770 0.5805 0.4525
vn -0.6051 0.5520 0.5737
vn 0.8329 0.5520 0.0386
vn -0.2151 0.9659 0.1445
vn 0.2572 0.9659 -0.0312
vn 0.0648 0.8924 0.4465
vn 0.2428 0.8924 0.3803
vn 0.4857 0.8365 0.2536
vn -0.2018 0.8365 0.5094
vn 0.4089 0.9083 -0.0884
vn -0.3672 0.9083 0.2003
vn 0.8720 0.4886 -0.0300
vn -0.6796 0.4886 0.5473
vn 0.8144 0.5169 0.2637
vn -0.4440 0.5169 0.7319
vn 0.5570 0.0499 -0.8290
vn -0.9634 0.0499 -0.2633
vn -0.1086 0.4622 -0.8801
vn -0.4931 0.4622 -0.7370
vn -0.6677 0.4622 -0.5835
vn 0.1239 0.4622 -0.8781
vn -0.9688 0.0582 -0.2408
vn 0.5758 0.0582 -0.8155
vn -0.8462 -0.5296 0.0593
vn 0.6791 -0.5296 -0.5082
vn -0.4055 -0.9060 0.1213
vn 0.3861 -0.9060 -0.1732
vn 0.1671 -0.9761 -0.1392
vn -0.2174 -0.9761 0.0039
vn 0.6593 -0.5424 -0.5207
vn -0.8393 -0.5424 0.0369
vn 0.6648 0.3858 0.6397
vn -0.0850 0.3858 0.9187
vn 0.6030 0.2969 0.7404
vn 0.0277 0.2969 0.9545
vn 0.4184 0.3105 0.8535
vn 0.2413 0.3105 0.9194
vn 0.2512 0.4557 0.8539
vn 0.3681 0.4557 0.8105
vn 0.2421 0.5034 0.8295
vn 0.3590 0.5034 0.7860
vn 0.3637 0.6235 0.6920
vn 0.1771 0.6235 0.7615
vn 0.5434 0.5971 0.5901
vn -0.0256 0.5971 0.8018
vn 0.6450 0.4907 0.5859
vn -0.1051 0.4907 0.8650
vn 0.4106 -0.5179 0.7505
vn 0.1798 -0.5179 0.8363
vn 0.4886 -0.5401 0.6853
vn 0.0781 -0.5401 0.8380
vn 0.8334 -0.0776 0.5473
vn -0.2729 -0.0776 0.9589
vn 0.9239 0.2627 0.2782
vn -0.5174 0.2627 0.8145
vn 0.9050 0.3773 0.1965
vn -0.5564 0.3773 0.7403
vn 0.5861 -0.4893 0.6458
vn -0.0215 -0.4893 0.8719
vn 0.6690 -0.2718 0.6918
vn -0.0541 -0.2718 0.9608
vn 0.8971 -0.0830 0.4340
vn -0.3953 -0.0830 0.9148
vn 0.8798 -0.0012 0.4754
vn -0.3550 -0.0012 0.9349
vn 0.6794 0.6866 0.2588
vn -0.3450 0.6866 0.6400
vn 0.5405 0.8414 0.0003
vn -0.4089 0.8414 0.3535
vn 0.6680 0.7426 0.0483
vn -0.4740 0.7426 0.4732
vn 0.0766 0.9401 0.3322
vn 0.1592 0.9401 0.3015
vn -0.5459 0.5736 0.6106
vn 0.8123 0.5736 0.1053
vn -0.4647 0.7699 0.4373
vn 0.6375 0.7699 0.0272
vn 0.7967 0.0179 0.6041
vn -0.2081 0.0179 0.9779
vn 0.5470 0.0009 0.8372
vn 0.1333 0.0009 0.9911
vn 0.2726 -0.0603 0.9602
vn 0.4214 -0.0603 0.9049
vn 0.2620 -0.2154 0.9407
vn 0.4166 -0.2154 0.8832
vn 0.3894 -0.1004 0.9156
vn 0.3038 -0.1004 0.9474
vn 0.5829 0.2644 0.7683
vn 0.0610 0.2644 0.9625
vn 0.6650 0.2767 0.6937
vn -0.0498 0.2767 0.9597
vn 0.6371 0.1798 0.7495
vn 0.0078 0.1798 0.9837
vn 0.6250 0.4982 0.6010
vn -0.0802 0.4982 0.8634
vn 0.1198 0.6943 0.7096
vn 0.3732 0.6943 0.6153
vn 0.6914 0.0116 0.7224
vn -0.0511 0.0116 0.9986
vn 0.5061 0.2413 0.8281
vn 0.1583 0.2413 0.9575
vn 0.3417 0.3017 0.8901
vn 0.3232 0.3017 0.8970
vn 0.4027 -0.2667 0.8756
vn 0.2676 -0.2667 0.9259
vn 0.5148 -0.1169 0.8493
vn 0.1655 -0.1169 0.9793
vn 0.6193 0.2007 0.7591
vn 0.0275 0.2007 0.9793
vn 0.5823 0.4351 0.6867
vn 0.0082 0.4351 0.9003
vn 0.6141 0.3364 0.7140
vn 0.0020 0.3364 0.9417
vn 0.2826 0.5312 0.7987
vn 0.3082 0.5312 0.7892
vn 0.3135 0.4231 0.8501
vn 0.3184 0.4231 0.8483
vn 0.3056 0.4817 0.8213
vn 0.8491 -0.5246 -0.0620
vn -0.6831 -0.5246 0.5081
vn 0.7857 0.0980 -0.6108
vn -0.9939 0.0980 0.0513
vn -0.2011 0.5964 -0.7771
vn -0.3557 0.5964 -0.7195
vn -0.7948 0.4583 0.3979
vn 0.8616 0.4583 -0.2184
vn 0.6098 -0.6640 0.4326
vn -0.1788 -0.6640 0.7260
vn 0.6000 -0.1345 0.7886
vn 0.0614 -0.1345 0.9890
vn -0.5743 0.7481 0.3326
vn 0.6520 0.7481 -0.1237
vn 0.1510 0.9831 0.1040
vn -0.0463 0.9831 0.1774
vn 0.8398 0.5365 0.0830
vn -0.5813 0.5365 0.6118
vn 0.6626 -0.3438 0.6654
vn -0.0665 -0.3438 0.9367
vn 0.3015 0.6708 0.6776
vn 0.2147 0.6708 0.7098
vn 0.3785 0.0887 0.9213
vn 0.3158 0.0887 0.9447
vn -0.1210 0.2832 0.9514
vn 0.7135 0.2832 0.6409
vn 0.1355 0.0380 0.9900
vn 0.5446 0.0380 0.8379
vn 0.7010 0.3164 0.6392
vn -0.1127 0.3164 0.9419
vn 0.5645 0.5027 0.6547
vn 0.0008 0.5027 0.8645
vn 0.8634 0.5044 -0.0088
vn -0.6592 0.5044 0.5577
vn 0.9022 0.4228 -0.0853
vn -0.7385 0.4228 0.5252
vn 0.9462 0.2877 -0.1483
vn -0.8130 0.2877 0.5063
vn 0.5404 -0.2249 0.8108
vn 0.1210 -0.2249 0.9668
vn 0.1853 0.2911 0.9386
vn 0.4732 0.2911 0.8314
vn 0.0534 0.3709 0.9271
vn 0.5656 0.3709 0.7365
vn 0.1740 0.6411 0.7475
vn 0.3569 0.6411 0.6794
vn -0.2249 0.9627 -0.1506
vn 0.0717 0.9627 -0.2610
vn -0.7283 0.6846 0.0312
vn 0.5715 0.6846 -0.4525
vn -0.9372 -0.0000 0.3487
vn 0.9372 -0.0000 -0.3487
vn 0.4808 -0.7712 0.4172
vn -0.0912 -0.7712 0.6300
vn 0.3696 0.1983 0.9078
vn 0.3137 0.1983 0.9286
vn 0.4687 0.1420 0.8718
vn 0.2151 0.1420 0.9662
vn -0.1810 0.1516 0.9717
vn 0.7722 0.1516 0.6171
vn -0.0713 0.4075 0.9104
vn 0.6490 0.4075 0.6424
vn 0.0972 0.5035 0.8585
vn 0.4876 0.5035 0.7132
vn -0.2521 -0.0963 0.9629
vn 0.8202 -0.0963 0.5639
vn 0.1948 -0.3500 0.9163
vn 0.4515 -0.3500 0.8208
vn 0.6934 -0.2038 0.6912
vn -0.0730 -0.2038 0.9763
vn 0.8234 -0.0214 0.5670
vn -0.2526 -0.0214 0.9673
vn 0.7973 0.3093 0.5183
vn -0.2646 0.3093 0.9134
vn 0.7631 0.4950 0.4155
vn -0.3059 0.4950 0.8133
vn 0.5629 0.8162 0.1299
vn -0.3411 0.8162 0.4663
vn 0.3697 0.8957 0.2469
vn -0.1184 0.8957 0.4285
vn 0.3737 0.7584 0.5341
vn 0.0663 0.7584 0.6484
vn 0.2373 0.6850 0.6888
vn 0.2707 0.6850 0.6764
vn 0.6359 0.0434 0.7705
vn 0.0224 0.0434 0.9988
vn 0.5895 0.2161 0.7783
vn 0.0626 0.2161 0.9744
vn 0.0897 -0.2265 0.9699
vn 0.5661 -0.2265 0.7926
vn 0.2806 -0.4841 0.8288
vn 0.3294 -0.4841 0.8107
vn -0.0112 0.2047 0.9788
vn 0.6482 0.2047 0.7334
vn -0.0424 0.4411 0.8964
vn 0.6180 0.4411 0.6507
vn 0.0674 0.8266 0.5588
vn 0.3142 0.8266 0.4669
vn 0.1050 0.9189 0.3803
vn 0.1691 0.9189 0.3564
vn 0.4620 0.8620 0.2086
vn -0.2133 0.8620 0.4599
vn 0.5880 0.7948 0.1501
vn -0.3469 0.7948 0.4980
vn 0.8845 0.0290 0.4656
vn -0.3651 0.0290 0.9305
vn 0.9525 0.2118 0.2187
vn -0.5779 0.2118 0.7881
vn 0.9016 0.3955 0.1750
vn -0.5680 0.3955 0.7218
vn -0.7088 0.5922 -0.3833
vn 0.2859 0.5922 -0.7534
vn -0.9737 0.1441 -0.1763
vn 0.6216 0.1441 -0.7699
vn -0.5073 0.5516 -0.6621
vn -0.0488 0.5516 -0.8327
vn 0.3372 0.5082 -0.7925
vn -0.7732 0.5082 -0.3793
vn 0.1030 0.6173 -0.7800
vn -0.5878 0.6173 -0.5229
vn 0.0227 0.6632 -0.7481
vn -0.5062 0.6632 -0.5513
vn 0.6274 -0.1229 -0.7690
vn -0.9774 -0.1229 -0.1719
vn 0.4885 -0.8446 -0.2192
vn -0.5129 -0.8446 0.1534
vn 0.3638 -0.9229 -0.1259
vn -0.3577 -0.9229 0.1425
vn 0.0780 -0.8845 -0.4600
vn -0.3597 -0.8845 -0.2971
vn -0.0565 -0.5173 -0.8540
vn -0.5155 -0.5173 -0.6832
vn -0.0849 -0.8230 -0.5616
vn -0.3028 -0.8230 -0.4805
vn 0.2308 -0.9288 0.2898
vn 0.0148 -0.9288 0.3702
vn 0.2043 -0.9562 0.2096
vn -0.0176 -0.9562 0.2922
vn 0.8151 -0.1427 -0.5614
vn -0.9839 -0.1427 0.1079
vn 0.7469 -0.0134 -0.6647
vn -0.9998 -0.0134 -0.0148
vn -0.1525 -0.4570 -0.8763
vn -0.4573 -0.4570 -0.7629
vn -0.2792 -0.6608 -0.6967
vn -0.2441 -0.6608 -0.7098
vn 0.5758 -0.5398 -0.6140
vn -0.8371 -0.5398 -0.0883
vn 0.7263 -0.0563 -0.6851
vn -0.9975 -0.0563 -0.0437
vn 0.7594 0.1804 -0.6251
vn -0.9833 0.1804 0.0234
vn 0.7269 0.1837 -0.6617
vn -0.9826 0.1837 -0.0256
vn 0.8070 0.2633 -0.5286
vn -0.9563 0.2633 0.1275
vn 0.1784 -0.9836 -0.0255
vn -0.1517 -0.9836 0.0973
vn 0.1828 -0.7997 -0.5720
vn -0.5122 -0.7997 -0.3134
vn 0.2879 -0.9505 -0.1171
vn -0.2944 -0.9505 0.0996
vn 0.3823 -0.8959 0.2265
vn -0.1413 -0.8959 0.4213
vn 0.3955 -0.9039 0.1629
vn -0.1928 -0.9039 0.3818
vn 0.9313 -0.2119 -0.2963
vn -0.8985 -0.2119 0.3845
vn 0.9347 -0.3261 0.1414
vn -0.6149 -0.3261 0.7180
vn 0.0580 -0.5502 -0.8330
vn -0.5884 -0.5502 -0.5925
vn 0.0227 0.9586 -0.2839
vn -0.2027 0.9586 -0.2000
vn -0.1007 0.7647 -0.6364
vn -0.3398 0.7647 -0.5475
vn 0.0061 0.1724 -0.9850
vn -0.6485 0.1724 -0.7415
vn 0.1941 0.7173 -0.6692
vn -0.5843 0.7173 -0.3796
vn 0.2645 0.9471 0.1817
vn -0.0814 0.9471 0.3104
vn 0.4858 0.7605 -0.4309
vn -0.6493 0.7605 -0.0086
vn 0.4821 0.4976 -0.7211
vn -0.8362 0.4976 -0.2306
vn 0.3733 -0.1693 -0.9121
vn -0.8787 -0.1693 -0.4463
vn 0.1607 0.0179 -0.9868
vn -0.7667 0.0179 -0.6418
vn 0.4229 0.5689 -0.7054
vn -0.7811 0.5689 -0.2574
vn 0.6059 0.6685 -0.4313
vn -0.7404 0.6685 0.0697
vn 0.7921 0.6103 0.0101
vn -0.5928 0.6103 0.5254
vn 0.1175 0.7355 -0.6673
vn -0.5251 0.7355 -0.4282
vn 0.3567 0.8820 0.3079
vn -0.0687 0.8820 0.4662
vn -0.4783 -0.3801 -0.7917
vn -0.1555 -0.3801 -0.9118
vn 0.0088 0.9951 -0.0982
vn -0.0708 0.9951 -0.0686
vn 0.1138 0.6288 0.7692
vn 0.4167 0.6288 0.6565
vn 0.8993 0.1962 -0.3908
vn -0.9361 0.1962 0.2921
vn 0.9662 0.2288 -0.1188
vn -0.8089 0.2288 0.5417
vn 0.8658 0.1351 -0.4819
vn -0.9702 0.1351 0.2012
vn 0.8935 -0.0242 -0.4485
vn -0.9693 -0.0242 0.2446
vn 0.7999 -0.5901 0.1094
vn -0.5339 -0.5901 0.6056
vn 0.5299 -0.7692 0.3570
vn -0.1677 -0.7692 0.6166
vn 0.6343 -0.6463 0.4243
vn -0.2027 -0.6463 0.7357
vn 0.7693 -0.5482 0.3281
vn -0.3677 -0.5482 0.7511
vn 0.8670 -0.4421 0.2297
vn -0.5060 -0.4421 0.7406
vn 0.5835 0.0167 0.8119
vn 0.0891 0.0167 0.9959
vn 0.3408 -0.6483 -0.6808
vn -0.7029 -0.6483 -0.2925
vn 0.2659 -0.6405 -0.7204
vn -0.6721 -0.6405 -0.3714
vn 0.3131 -0.9469 -0.0731
vn -0.2848 -0.9469 0.1493
vn 0.6960 -0.6915 -0.1935
vn -0.6532 -0.6915 0.3085
vn 0.3117 -0.7462 -0.5882
vn -0.6203 -0.7462 -0.2414
vn 0.5261 0.7458 0.4087
vn -0.1310 0.7458 0.6532
vn 0.6659 0.5708 0.4804
vn -0.1899 0.5708 0.7988
vn 0.5178 0.5550 0.6510
vn 0.0337 0.5550 0.8312
vn 0.5388 0.3950 0.7441
vn 0.0786 0.3950 0.9153
vn 0.7153 0.3731 0.5909
vn -0.1550 0.3731 0.9147
vn 0.8549 0.0804 0.5126
vn -0.3119 0.0804 0.9467
vn 0.4953 0.8678 0.0406
vn -0.3483 0.8678 0.3545
vn -0.2402 0.9634 0.1190
vn 0.2596 0.9634 -0.0669
vn -0.6587 0.4470 0.6052
vn 0.8941 0.4470 0.0275
vn -0.1961 0.0597 0.9788
vn 0.7882 0.0597 0.6126
vn 0.7313 -0.1654 0.6617
vn -0.1209 -0.1654 0.9788
vn 0.9009 -0.1267 0.4151
vn -0.4105 -0.1267 0.9030
vn 0.7569 -0.6525 -0.0361
vn -0.5964 -0.6525 0.4674
vn 0.0590 0.7028 0.7089
vn 0.4187 0.7028 0.5751
vn 0.8482 -0.4258 -0.3151
vn -0.8479 -0.4258 0.3159
vn 0.3711 0.6092 0.7008
vn 0.1773 0.6092 0.7730
vn 0.0301 0.9867 -0.1600
vn -0.1274 0.9867 -0.1014
vn 0.8510 0.2884 0.4388
vn -0.3572 0.2884 0.8884
vn 0.5589 0.7853 0.2664
vn -0.2489 0.7853 0.5669
vn 0.9400 -0.2580 0.2231
vn -0.5656 -0.2580 0.7833
vn 0.8283 -0.0239 0.5598
vn -0.2610 -0.0239 0.9650
vn 0.8347 -0.0486 0.5486
vn -0.2731 -0.0486 0.9608
vn 0.9324 -0.1866 -0.3095
vn -0.9080 -0.1866 0.3752
vn 0.8840 -0.4041 -0.2350
vn -0.8226 -0.4041 0.4000
vn 0.9155 -0.0508 -0.3991
vn -0.9537 -0.0508 0.2964
vn 0.8541 -0.4807 0.1984
vn -0.5167 -0.4807 0.7085
vn 0.8722 -0.4811 0.0882
vn -0.6024 -0.4811 0.6369
vn 0.8119 -0.5590 0.1683
vn -0.5044 -0.5590 0.6580
vn -0.0080 0.8356 -0.5493
vn -0.3530 0.8356 -0.4209
vn 0.8603 0.3511 -0.3697
vn -0.8927 0.3511 0.2825
vn 0.7640 -0.6274 0.1510
vn -0.4795 -0.6274 0.6136
vn -0.1520 0.9107 -0.3841
vn -0.1360 0.9107 -0.3901
vn 0.8056 -0.4572 0.3767
vn -0.3635 -0.4572 0.8117
vn 0.5157 -0.6094 0.6023
vn 0.0034 -0.6094 0.7929
vn -0.7624 -0.5512 0.3391
vn 0.7986 -0.5512 -0.2417
vn -0.9737 -0.0316 -0.2256
vn 0.5894 -0.0316 -0.8072
vn -0.7394 0.5654 -0.3656
vn 0.3206 0.5654 -0.7600
vn -0.1993 0.9053 -0.3750
vn -0.0944 0.9053 -0.4141
vn 0.4340 0.4960 0.7521
vn 0.1632 0.4960 0.8529
vn 0.5841 0.5106 0.6309
vn -0.0297 0.5106 0.8593
vn 0.5793 0.4777 0.6604
vn -0.0067 0.4777 0.8785
vn 0.4566 0.4984 0.7369
vn 0.1361 0.4984 0.8562
vn 0.5518 0.6798 0.4832
vn -0.1018 0.6798 0.7263
vn 0.6610 0.4109 0.6278
vn -0.0899 0.4109 0.9072
vn 0.5459 0.4117 0.7297
vn 0.0638 0.4117 0.9091
vn 0.3664 0.4714 0.8022
vn 0.2470 0.4714 0.8466
vn -0.2727 0.9108 0.3101
vn 0.4091 0.9108 0.0565
vn 0.8215 0.4048 0.4016
vn -0.3592 0.4048 0.8409
vn 0.7192 0.2444 0.6504
vn -0.1191 0.2444 0.9623
vn 0.7664 0.2145 0.6055
vn -0.1842 0.2145 0.9592
vn 0.6961 0.6194 0.3631
vn -0.2895 0.6194 0.7298
vn 0.4134 0.8736 0.2567
vn -0.1451 0.8736 0.4645
vn 0.2293 -0.9085 0.3495
vn 0.0549 -0.9085 0.4143
vn 0.6170 -0.7548 0.2228
vn -0.3213 -0.7548 0.5719
vn 0.9961 -0.0865 0.0146
vn -0.7443 -0.0865 0.6622
vn 0.6839 0.4571 -0.5686
vn -0.8892 0.4571 0.0168
vn -0.4572 0.6962 -0.5534
vn -0.0157 0.6962 -0.7177
vn -0.6094 0.7126 -0.3477
vn 0.2339 0.7126 -0.6615
vn -0.7604 -0.4144 -0.5000
vn 0.2487 -0.4144 -0.8754
vn -0.4749 -0.4938 -0.7285
vn -0.1168 -0.4938 -0.8617
vn 0.0954 -0.4170 -0.9039
vn -0.6630 -0.4170 -0.6217
vn -0.8314 0.5556 0.0075
vn 0.6341 0.5556 -0.5378
vn 0.2945 -0.5729 -0.7649
vn -0.7229 -0.5729 -0.3863
vn -0.1668 -0.9508 0.2611
vn 0.2969 -0.9508 0.0885
vt 0.843250 0.588863
vt 0.833697 0.611927
vt 0.794218 0.611927
vt 0.815334 0.560948
vt 0.866314 0.937441
vt 0.866314 0.897962
vt 0.889378 0.888409
vt 0.917293 0.916324
vt 0.746541 0.611927
vt 0.781622 0.527235
vt 0.866314 0.985118
vt 0.951006 0.950037
vt 0.815334 0.662907
vt 0.781622 0.696619
vt 0.781622 0.950037
vt 0.815334 0.916325
vt 0.843250 0.634991
vt 0.843250 0.888409
vt 0.866314 0.644544
vt 0.866314 0.684023
vt 0.794218 0.865345
vt 0.833697 0.865345
vt 0.866314 0.731700
vt 0.746541 0.865345
vt 0.917293 0.662907
vt 0.951006 0.696619
vt 0.781622 0.780653
vt 0.815334 0.814366
vt 0.889378 0.634991
vt 0.843250 0.842281
vt 0.898931 0.611927
vt 0.938410 0.611927
vt 0.866314 0.793249
vt 0.866314 0.832728
vt 0.986087 0.611927
vt 0.866314 0.745572
vt 0.917294 0.560947
vt 0.951006 0.527235
vt 0.951006 0.780653
vt 0.917294 0.814365
vt 0.889378 0.588863
vt 0.889378 0.842281
vt 0.866314 0.579310
vt 0.866314 0.539831
vt 0.938410 0.865345
vt 0.898931 0.865345
vt 0.866314 0.492154
vt 0.986087 0.865345
vt 0.866314 0.585461
vt 0.847600 0.593213
vt 0.892780 0.865345
vt 0.885028 0.884059
vt 0.885028 0.593213
vt 0.885028 0.846631
vt 0.892780 0.611927
vt 0.866314 0.838879
vt 0.885028 0.630641
vt 0.847600 0.846631
vt 0.866314 0.638393
vt 0.839848 0.865345
vt 0.847600 0.630641
vt 0.847600 0.884059
vt 0.839848 0.611927
vt 0.866314 0.891811
vt 0.866314 0.611927
vt 0.866314 0.865345
vt 0.520711 0.060503
vt 0.517028 0.068490
vt 0.500000 0.064527
vt 0.500000 0.054411
vt 0.482972 0.068490
vt 0.479289 0.060503
vt 0.530457 0.065062
vt 0.522612 0.070678
vt 0.477388 0.070678
vt 0.469543 0.065062
vt 0.532878 0.067822
vt 0.526301 0.079422
vt 0.473699 0.079422
vt 0.467122 0.067822
vt 0.544695 0.083023
vt 0.529228 0.091098
vt 0.470772 0.091098
vt 0.455305 0.083023
vt 0.565647 0.115495
vt 0.537536 0.127779
vt 0.462464 0.127779
vt 0.434353 0.115495
vt 0.586916 0.172042
vt 0.626605 0.208159
vt 0.600470 0.238288
vt 0.535885 0.215568
vt 0.399530 0.238288
vt 0.373395 0.208159
vt 0.413084 0.172042
vt 0.464115 0.215568
vt 0.650908 0.240294
vt 0.636962 0.261221
vt 0.363038 0.261221
vt 0.349092 0.240294
vt 0.689501 0.268805
vt 0.655896 0.284413
vt 0.344104 0.284413
vt 0.310499 0.268805
vt 0.684517 0.317795
vt 0.659507 0.313152
vt 0.340493 0.313152
vt 0.315483 0.317795
vt 0.671357 0.334694
vt 0.649107 0.322437
vt 0.350893 0.322437
vt 0.328643 0.334694
vt 0.636775 0.370732
vt 0.613636 0.353108
vt 0.386364 0.353108
vt 0.363225 0.370732
vt 0.602261 0.395588
vt 0.594178 0.371277
vt 0.405822 0.371277
vt 0.397739 0.395588
vt 0.581044 0.398468
vt 0.577351 0.373341
vt 0.422649 0.373341
vt 0.418956 0.398468
vt 0.532016 0.387365
vt 0.539817 0.354339
vt 0.460183 0.354339
vt 0.467984 0.387365
vt 0.500000 0.382860
vt 0.500000 0.340417
vt 0.559135 0.334326
vt 0.579057 0.335646
vt 0.420943 0.335646
vt 0.440865 0.334326
vt 0.592090 0.332885
vt 0.407910 0.332885
vt 0.606163 0.325516
vt 0.393837 0.325516
vt 0.628251 0.311636
vt 0.371749 0.311636
vt 0.635551 0.300507
vt 0.364449 0.300507
vt 0.631484 0.283889
vt 0.368516 0.283889
vt 0.611331 0.264411
vt 0.388669 0.264411
vt 0.592372 0.254897
vt 0.407628 0.254897
vt 0.559669 0.267717
vt 0.440331 0.267717
vt 0.550878 0.277832
vt 0.500000 0.252445
vt 0.449122 0.277832
vt 0.544001 0.314523
vt 0.455999 0.314523
vt 0.500000 0.295691
vt 0.543637 0.293371
vt 0.456363 0.293371
vt 0.506819 0.075382
vt 0.500000 0.073497
vt 0.493181 0.075382
vt 0.511782 0.080633
vt 0.488218 0.080633
vt 0.512172 0.093457
vt 0.487828 0.093457
vt 0.514257 0.133422
vt 0.513874 0.097191
vt 0.486126 0.097191
vt 0.485743 0.133422
vt 0.520226 0.164615
vt 0.500000 0.157864
vt 0.500000 0.134352
vt 0.479774 0.164615
vt 0.500000 0.100063
vt 0.500000 0.091346
vt 0.530258 0.180239
vt 0.521901 0.181560
vt 0.517666 0.172353
vt 0.482334 0.172353
vt 0.478099 0.181560
vt 0.469742 0.180239
vt 0.523673 0.198817
vt 0.518957 0.194728
vt 0.481043 0.194728
vt 0.476327 0.198817
vt 0.500000 0.203867
vt 0.508211 0.197295
vt 0.491789 0.197295
vt 0.500000 0.197278
vt 0.500000 0.192167
vt 0.500000 0.165170
vt 0.513538 0.176949
vt 0.500000 0.171718
vt 0.486462 0.176949
vt 0.500000 0.186182
vt 0.508818 0.192407
vt 0.491182 0.192407
vt 0.515232 0.190709
vt 0.484768 0.190709
vt 0.516908 0.181873
vt 0.483092 0.181873
vt 0.544209 0.172814
vt 0.455791 0.172814
vt 0.541327 0.154899
vt 0.458673 0.154899
vt 0.578661 0.139176
vt 0.421339 0.139176
vt 0.583245 0.154155
vt 0.416755 0.154155
vt 0.500000 0.089977
vt 0.509911 0.090724
vt 0.490089 0.090724
vt 0.509713 0.082236
vt 0.490287 0.082236
vt 0.505196 0.077083
vt 0.494804 0.077083
vt 0.500000 0.075473
vt 0.503445 0.080840
vt 0.500000 0.080320
vt 0.496555 0.080840
vt 0.506660 0.083289
vt 0.493340 0.083289
vt 0.506822 0.086791
vt 0.493178 0.086791
vt 0.500000 0.085637
vt 0.562361 0.284338
vt 0.559190 0.294882
vt 0.437639 0.284338
vt 0.440810 0.294882
vt 0.563180 0.307151
vt 0.436820 0.307151
vt 0.570458 0.318697
vt 0.429542 0.318697
vt 0.569243 0.278245
vt 0.430757 0.278245
vt 0.589914 0.271772
vt 0.410086 0.271772
vt 0.602190 0.277180
vt 0.397810 0.277180
vt 0.617110 0.287175
vt 0.382890 0.287175
vt 0.618074 0.299197
vt 0.381926 0.299197
vt 0.615871 0.307438
vt 0.384129 0.307438
vt 0.598424 0.313725
vt 0.401576 0.313725
vt 0.590828 0.319797
vt 0.409172 0.319797
vt 0.582130 0.320991
vt 0.417870 0.320991
vt 0.578615 0.309394
vt 0.583998 0.312892
vt 0.421385 0.309394
vt 0.416002 0.312892
vt 0.589656 0.312336
vt 0.410344 0.312336
vt 0.596347 0.309249
vt 0.403653 0.309249
vt 0.606014 0.302517
vt 0.393986 0.302517
vt 0.607735 0.297520
vt 0.392265 0.297520
vt 0.606985 0.291216
vt 0.393015 0.291216
vt 0.598275 0.283083
vt 0.401725 0.283083
vt 0.589866 0.280167
vt 0.410134 0.280167
vt 0.576352 0.284624
vt 0.423648 0.284624
vt 0.572831 0.289915
vt 0.427169 0.289915
vt 0.573307 0.303342
vt 0.426693 0.303342
vt 0.572447 0.295716
vt 0.427553 0.295716
vt 0.529647 0.428636
vt 0.500000 0.428636
vt 0.470353 0.428636
vt 0.584616 0.428636
vt 0.415384 0.428636
vt 0.622301 0.417889
vt 0.377699 0.417889
vt 0.666214 0.388954
vt 0.333786 0.388954
vt 0.701481 0.344467
vt 0.298519 0.344467
vt 0.712163 0.315527
vt 0.287837 0.315527
vt 0.704305 0.260225
vt 0.295695 0.260225
vt 0.672947 0.224880
vt 0.327053 0.224880
vt 0.640497 0.198841
vt 0.359503 0.198841
vt 0.603553 0.023452
vt 0.625128 0.029461
vt 0.635753 0.082198
vt 0.598617 0.056841
vt 0.364247 0.082198
vt 0.374872 0.029461
vt 0.396447 0.023452
vt 0.401383 0.056841
vt 0.546781 0.009442
vt 0.556354 0.040906
vt 0.453219 0.009442
vt 0.443646 0.040906
vt 0.500000 0.033223
vt 0.527159 0.049514
vt 0.472841 0.049514
vt 0.537222 0.060794
vt 0.462778 0.060794
vt 0.558499 0.065137
vt 0.441501 0.065137
vt 0.588127 0.085177
vt 0.411873 0.085177
vt 0.607239 0.113940
vt 0.392761 0.113940
vt 0.612663 0.133675
vt 0.605467 0.151503
vt 0.394533 0.151503
vt 0.387337 0.133675
vt 0.600708 0.162985
vt 0.399292 0.162985
vt 0.922374 0.064228
vt 0.859647 0.117994
vt 0.823287 0.101559
vt 0.861342 0.027230
vt 0.176713 0.101559
vt 0.140353 0.117994
vt 0.077626 0.064228
vt 0.138658 0.027230
vt 0.765863 0.087001
vt 0.774604 0.010837
vt 0.234137 0.087001
vt 0.225396 0.010837
vt 0.661952 0.087561
vt 0.647010 0.028716
vt 0.338048 0.087561
vt 0.352990 0.028716
vt 0.743592 0.198572
vt 0.766410 0.233065
vt 0.256408 0.198572
vt 0.233590 0.233065
vt 0.987633 0.154243
vt 0.889478 0.177602
vt 0.110522 0.177602
vt 0.012367 0.154243
vt 0.899807 0.420886
vt 0.844317 0.347370
vt 0.881169 0.309153
vt 0.958963 0.357385
vt 0.118831 0.309153
vt 0.155683 0.347370
vt 0.100193 0.420886
vt 0.041037 0.357385
vt 0.903302 0.261367
vt 0.999860 0.253531
vt 0.096698 0.261367
vt 0.000140 0.253531
vt 0.724763 0.340212
vt 0.744725 0.304629
vt 0.766113 0.319494
vt 0.255275 0.304629
vt 0.275237 0.340212
vt 0.233887 0.319494
vt 0.793427 0.280495
vt 0.826663 0.297810
vt 0.206573 0.280495
vt 0.173337 0.297810
vt 0.823620 0.254612
vt 0.855331 0.267956
vt 0.176380 0.254612
vt 0.144669 0.267956
vt 0.835860 0.225225
vt 0.868309 0.233525
vt 0.164140 0.225225
vt 0.131691 0.233525
vt 0.813499 0.190705
vt 0.851288 0.181145
vt 0.148712 0.181145
vt 0.186501 0.190705
vt 0.772263 0.374010
vt 0.227737 0.374010
vt 0.744519 0.390057
vt 0.255481 0.390057
vt 0.824765 0.470987
vt 0.175235 0.470987
vt 0.792141 0.464714
vt 0.742181 0.461543
vt 0.726855 0.432574
vt 0.273145 0.432574
vt 0.257819 0.461543
vt 0.207859 0.464714
vt 0.795638 0.489991
vt 0.204362 0.489991
vt 0.786137 0.227788
vt 0.213863 0.227788
vt 0.802950 0.203415
vt 0.197050 0.203415
vt 0.769334 0.128771
vt 0.691484 0.146686
vt 0.230666 0.128771
vt 0.308516 0.146686
vt 0.780113 0.169386
vt 0.219887 0.169386
vt 0.803789 0.171181
vt 0.830917 0.139518
vt 0.169083 0.139518
vt 0.196211 0.171181
vt 0.574628 0.959188
vt 0.464516 0.959188
vt 0.477326 0.891852
vt 0.545439 0.884582
vt 0.272900 0.891852
vt 0.285710 0.959188
vt 0.175598 0.959188
vt 0.204787 0.884582
vt 0.605134 0.846978
vt 0.715894 0.897069
vt 0.145092 0.846978
vt 0.034332 0.897069
vt 0.605360 0.784410
vt 0.683874 0.757011
vt 0.144866 0.784410
vt 0.066352 0.757011
vt 0.574835 0.744212
vt 0.617867 0.719156
vt 0.175391 0.744212
vt 0.132359 0.719156
vt 0.534996 0.712528
vt 0.568728 0.682132
vt 0.215230 0.712528
vt 0.181498 0.682132
vt 0.483006 0.686791
vt 0.508539 0.641024
vt 0.267220 0.686791
vt 0.241687 0.641024
vt 0.513415 0.736977
vt 0.478880 0.719593
vt 0.271346 0.719593
vt 0.236811 0.736977
vt 0.541117 0.760754
vt 0.209109 0.760754
vt 0.557599 0.789442
vt 0.192627 0.789442
vt 0.553841 0.821849
vt 0.196385 0.821849
vt 0.524671 0.842380
vt 0.225555 0.842380
vt 0.485193 0.845321
vt 0.265033 0.845321
vt 0.786150 0.181127
vt 0.770208 0.191225
vt 0.213850 0.181127
vt 0.229792 0.191225
vt 0.408153 0.587507
vt 0.409610 0.674022
vt 0.342073 0.587507
vt 0.340616 0.674022
vt 0.400301 0.910556
vt 0.414155 0.878318
vt 0.336071 0.878318
vt 0.349925 0.910556
vt 0.443630 0.713731
vt 0.306596 0.713731
vt 0.429725 0.728622
vt 0.392812 0.710774
vt 0.357414 0.710774
vt 0.320501 0.728622
vt 0.422979 0.754609
vt 0.432640 0.746527
vt 0.327247 0.754609
vt 0.317586 0.746527
vt 0.427719 0.796173
vt 0.391578 0.815187
vt 0.358648 0.815187
vt 0.322507 0.796173
vt 0.448277 0.830976
vt 0.301949 0.830976
vt 0.797710 0.195652
vt 0.802580 0.199758
vt 0.197420 0.199758
vt 0.202290 0.195652
vt 0.789609 0.184671
vt 0.210391 0.184671
vt 0.466042 0.804091
vt 0.490498 0.816075
vt 0.284184 0.804091
vt 0.259728 0.816075
vt 0.448042 0.783921
vt 0.302184 0.783921
vt 0.438745 0.764960
vt 0.311481 0.764960
vt 0.445216 0.756351
vt 0.305010 0.756351
vt 0.449819 0.743458
vt 0.300407 0.743458
vt 0.456307 0.732687
vt 0.293919 0.732687
vt 0.475471 0.740871
vt 0.274755 0.740871
vt 0.514211 0.817769
vt 0.236015 0.817769
vt 0.527961 0.808598
vt 0.222265 0.808598
vt 0.530079 0.790754
vt 0.220147 0.790754
vt 0.518620 0.772385
vt 0.231606 0.772385
vt 0.498668 0.755033
vt 0.251558 0.755033
vt 0.468029 0.756171
vt 0.459660 0.770459
vt 0.282197 0.756171
vt 0.290566 0.770459
vt 0.487167 0.769899
vt 0.477354 0.785393
vt 0.263059 0.769899
vt 0.272872 0.785393
vt 0.504617 0.782999
vt 0.496545 0.797122
vt 0.245609 0.782999
vt 0.253681 0.797122
vt 0.516137 0.792591
vt 0.513713 0.804019
vt 0.234089 0.792591
vt 0.236513 0.804019
vt 0.574269 0.607668
vt 0.613510 0.655816
vt 0.175957 0.607668
vt 0.136716 0.655816
vt 0.644031 0.693270
vt 0.106195 0.693270
vt 0.668163 0.712097
vt 0.082063 0.712097
vt 0.727131 0.698475
vt 0.676584 0.686010
vt 0.023095 0.698475
vt 0.073642 0.686010
vt 0.729804 0.624370
vt 0.667013 0.640198
vt 0.020422 0.624370
vt 0.083213 0.640198
vt 0.721292 0.572934
vt 0.648152 0.594596
vt 0.028934 0.572934
vt 0.102074 0.594596
vt 0.630034 0.557583
vt 0.717709 0.538143
vt 0.032517 0.538143
vt 0.120192 0.557583
vt 0.526877 0.539235
vt 0.223349 0.539235
s 0
usemtl Material.003
f 93/68/82 47/69/82 49/70/82 91/71/82
f 50/72/83 48/73/83 94/74/83 92/75/83
f 91/71/84 49/70/84 51/76/84 89/77/84
f 52/78/85 50/72/85 92/75/85 90/79/85
f 49/70/86 55/80/86 53/81/86 51/76/86
f 54/82/87 56/83/87 50/72/87 52/78/87
f 47/69/88 57/84/88 55/80/88 49/70/88
f 56/83/89 58/85/89 48/73/89 50/72/89
f 57/84/90 59/86/90 61/87/90 55/80/90
f 62/88/91 60/89/91 58/85/91 56/83/91
f 55/80/92 61/87/92 63/90/92 53/81/92
f 64/91/93 62/88/93 56/83/93 54/82/93
f 61/87/94 67/92/94 65/93/94 63/90/94
f 66/94/95 68/95/95 62/88/95 64/91/95
f 59/86/96 69/96/96 67/92/96 61/87/96
f 68/95/97 70/97/97 60/89/97 62/88/97
f 69/96/98 71/98/98 73/99/98 67/92/98
f 74/100/99 72/101/99 70/97/99 68/95/99
f 67/92/100 73/99/100 75/102/100 65/93/100
f 76/103/101 74/100/101 68/95/101 66/94/101
f 73/99/102 79/104/102 77/105/102 75/102/102
f 78/106/103 80/107/103 74/100/103 76/103/103
f 71/98/104 81/108/104 79/104/104 73/99/104
f 80/107/105 82/109/105 72/101/105 74/100/105
f 81/108/106 83/110/106 85/111/106 79/104/106
f 86/112/107 84/113/107 82/109/107 80/107/107
f 79/104/108 85/111/108 87/114/108 77/105/108
f 88/115/109 86/112/109 80/107/109 78/106/109
f 85/111/110 91/71/110 89/77/110 87/114/110
f 90/79/111 92/75/111 86/112/111 88/115/111
f 83/110/112 93/68/112 91/71/112 85/111/112
f 92/75/113 94/74/113 84/113/113 86/112/113
f 93/68/114 83/110/114 97/116/114 95/117/114
f 98/118/115 84/113/115 94/74/115 96/119/115
f 83/110/116 81/108/116 99/120/116 97/116/116
f 100/121/117 82/109/117 84/113/117 98/118/117
f 81/108/118 71/98/118 101/122/118 99/120/118
f 102/123/119 72/101/119 82/109/119 100/121/119
f 71/98/120 69/96/120 103/124/120 101/122/120
f 104/125/121 70/97/121 72/101/121 102/123/121
f 69/96/122 59/86/122 105/126/122 103/124/122
f 106/127/123 60/89/123 70/97/123 104/125/123
f 59/86/124 57/84/124 109/128/124 105/126/124
f 110/129/125 58/85/125 60/89/125 106/127/125
f 57/84/126 47/69/126 111/130/126 109/128/126
f 112/131/127 48/73/127 58/85/127 110/129/127
f 47/69/128 93/68/128 95/117/128 111/130/128
f 96/119/129 94/74/129 48/73/129 112/131/129
f 107/132/130 111/130/130 95/117/130
f 96/119/131 112/131/131 108/133/131
f 109/128/132 111/130/132 107/132/132
f 108/133/133 112/131/133 110/129/133
f 107/132/134 105/126/134 109/128/134
f 110/129/135 106/127/135 108/133/135
f 107/132/136 103/124/136 105/126/136
f 106/127/137 104/125/137 108/133/137
f 107/132/138 101/122/138 103/124/138
f 104/125/139 102/123/139 108/133/139
f 107/132/140 99/120/140 101/122/140
f 102/123/141 100/121/141 108/133/141
f 107/132/142 97/116/142 99/120/142
f 100/121/143 98/118/143 108/133/143
f 107/132/144 95/117/144 97/116/144
f 98/118/145 96/119/145 108/133/145
f 135/134/146 220/135/146 222/136/146 137/137/146
f 222/136/147 221/138/147 136/139/147 137/137/147
f 133/140/148 218/141/148 220/135/148 135/134/148
f 221/138/149 219/142/149 134/143/149 136/139/149
f 131/144/150 216/145/150 218/141/150 133/140/150
f 219/142/151 217/146/151 132/147/151 134/143/151
f 129/148/152 214/149/152 216/145/152 131/144/152
f 217/146/153 215/150/153 130/151/153 132/147/153
f 127/152/154 212/153/154 214/149/154 129/148/154
f 215/150/155 213/154/155 128/155/155 130/151/155
f 125/156/156 138/157/156 192/158/156 210/159/156
f 193/160/157 139/161/157 126/162/157 211/163/157
f 138/157/158 140/164/158 194/165/158 192/158/158
f 195/166/159 141/167/159 139/161/159 193/160/159
f 140/164/160 142/168/160 196/169/160 194/165/160
f 197/170/161 143/171/161 141/167/161 195/166/161
f 142/168/162 144/172/162 198/173/162 196/169/162
f 199/174/163 145/175/163 143/171/163 197/170/163
f 144/172/164 146/176/164 200/177/164 198/173/164
f 201/178/165 147/179/165 145/175/165 199/174/165
f 146/176/166 148/180/166 202/181/166 200/177/166
f 203/182/167 149/183/167 147/179/167 201/178/167
f 148/180/168 150/184/168 204/185/168 202/181/168
f 205/186/169 151/187/169 149/183/169 203/182/169
f 150/184/170 152/188/170 206/189/170 204/185/170
f 207/190/171 153/191/171 151/187/171 205/186/171
f 152/188/172 154/192/172 208/193/172 206/189/172
f 209/194/173 155/195/173 153/191/173 207/190/173
f 154/192/174 113/196/174 114/197/174 208/193/174
f 114/197/175 113/196/175 155/195/175 209/194/175
f 156/198/176 174/199/176 206/189/176 208/193/176
f 207/190/177 175/200/177 157/201/177 209/194/177
f 174/199/178 225/202/178 204/185/178 206/189/178
f 205/186/179 226/203/179 175/200/179 207/190/179
f 172/204/180 202/181/180 204/185/180 225/202/180
f 205/186/181 203/182/181 173/205/181 226/203/181
f 170/206/182 200/177/182 202/181/182 172/204/182
f 203/182/183 201/178/183 171/207/183 173/205/183
f 168/208/184 198/173/184 200/177/184 170/206/184
f 201/178/185 199/174/185 169/209/185 171/207/185
f 166/210/186 196/169/186 198/173/186 168/208/186
f 199/174/187 197/170/187 167/211/187 169/209/187
f 164/212/188 194/165/188 196/169/188 166/210/188
f 197/170/189 195/166/189 165/213/189 167/211/189
f 162/214/190 192/158/190 194/165/190 164/212/190
f 195/166/191 193/160/191 163/215/191 165/213/191
f 160/216/192 210/159/192 192/158/192 162/214/192
f 193/160/193 211/163/193 161/217/193 163/215/193
f 160/216/194 227/218/194 223/219/194 210/159/194
f 223/219/195 228/220/195 161/217/195 211/163/195
f 156/198/196 208/193/196 114/197/196 158/221/196
f 114/197/197 209/194/197 157/201/197 159/222/197
f 158/221/198 114/197/198 224/223/198 229/224/198
f 224/223/199 114/197/199 159/222/199 230/225/199
f 223/219/200 227/218/200 229/224/200 224/223/200
f 230/225/201 228/220/201 223/219/201 224/223/201
f 181/226/202 183/227/202 222/136/202 220/135/202
f 222/136/203 183/227/203 182/228/203 221/138/203
f 179/229/204 181/226/204 220/135/204 218/141/204
f 221/138/205 182/228/205 180/230/205 219/142/205
f 177/231/206 179/229/206 218/141/206 216/145/206
f 219/142/207 180/230/207 178/232/207 217/146/207
f 212/153/208 233/233/208 231/234/208 214/149/208
f 232/235/209 234/236/209 213/154/209 215/150/209
f 177/231/210 216/145/210 214/149/210 231/234/210
f 215/150/211 217/146/211 178/232/211 232/235/211
f 190/237/212 236/238/212 235/239/212 233/233/212
f 235/239/213 236/238/213 191/240/213 234/236/213
f 231/234/214 233/233/214 235/239/214 115/241/214
f 235/239/215 234/236/215 232/235/215 115/241/215
f 176/242/216 177/231/216 231/234/216 115/241/216
f 232/235/216 178/232/216 176/242/216 115/241/216
f 188/243/217 239/244/217 237/245/217 190/237/217
f 238/246/218 240/247/218 189/248/218 191/240/218
f 186/249/219 241/250/219 239/244/219 188/243/219
f 240/247/220 242/251/220 187/252/220 189/248/220
f 185/253/221 243/254/221 241/250/221 186/249/221
f 242/251/222 244/255/222 185/253/222 187/252/222
f 184/256/223 117/257/223 243/254/223 185/253/223
f 244/255/224 117/257/224 184/256/224 185/253/224
f 236/238/225 190/237/225 237/245/225 116/258/225
f 238/246/226 191/240/226 236/238/226 116/258/226
f 116/258/227 237/245/227 252/259/227 254/260/227
f 253/261/228 238/246/228 116/258/228 254/260/228
f 117/257/229 245/262/229 246/263/229 243/254/229
f 247/264/230 245/262/230 117/257/230 244/255/230
f 243/254/231 246/263/231 248/265/231 241/250/231
f 249/266/232 247/264/232 244/255/232 242/251/232
f 241/250/233 248/265/233 250/267/233 239/244/233
f 251/268/234 249/266/234 242/251/234 240/247/234
f 239/244/235 250/267/235 252/259/235 237/245/235
f 253/261/236 251/268/236 240/247/236 238/246/236
f 245/262/237 250/267/237 248/265/237 246/263/237
f 249/266/238 251/268/238 245/262/238 247/264/238
f 245/262/239 254/260/239 252/259/239 250/267/239
f 253/261/240 254/260/240 245/262/240 251/268/240
f 185/253/241 186/249/241 210/159/241 223/219/241
f 211/163/242 187/252/242 185/253/242 223/219/242
f 186/249/243 188/243/243 257/269/243 210/159/243
f 258/270/244 189/248/244 187/252/244 211/163/244
f 188/243/245 190/237/245 259/271/245 257/269/245
f 260/272/246 191/240/246 189/248/246 258/270/246
f 190/237/247 233/233/247 212/153/247 259/271/247
f 213/154/248 234/236/248 191/240/248 260/272/248
f 127/152/249 255/273/249 259/271/249 212/153/249
f 260/272/250 256/274/250 128/155/250 213/154/250
f 255/273/251 261/275/251 257/269/251 259/271/251
f 258/270/252 262/276/252 256/274/252 260/272/252
f 125/156/253 210/159/253 257/269/253 261/275/253
f 258/270/254 211/163/254 126/162/254 262/276/254
f 177/231/255 176/242/255 118/277/255 268/278/255
f 118/277/256 176/242/256 178/232/256 269/279/256
f 179/229/257 177/231/257 268/278/257 266/280/257
f 269/279/258 178/232/258 180/230/258 267/281/258
f 181/226/259 179/229/259 266/280/259 264/282/259
f 267/281/260 180/230/260 182/228/260 265/283/260
f 183/227/261 181/226/261 264/282/261 263/284/261
f 265/283/262 182/228/262 183/227/262 263/284/262
f 263/284/263 264/282/263 275/285/263 277/286/263
f 276/287/264 265/283/264 263/284/264 277/286/264
f 264/282/265 266/280/265 273/288/265 275/285/265
f 274/289/266 267/281/266 265/283/266 276/287/266
f 266/280/267 268/278/267 271/290/267 273/288/267
f 272/291/268 269/279/268 267/281/268 274/289/268
f 268/278/269 118/277/269 270/292/269 271/290/269
f 270/292/270 118/277/270 269/279/270 272/291/270
f 270/292/271 277/286/271 275/285/271 271/290/271
f 276/287/272 277/286/272 270/292/272 272/291/272
f 271/290/273 275/285/273 273/288/273
f 274/289/274 276/287/274 272/291/274
f 229/224/275 227/218/275 280/293/275 278/294/275
f 281/295/276 228/220/276 230/225/276 279/296/276
f 158/221/277 229/224/277 278/294/277 300/297/277
f 279/296/278 230/225/278 159/222/278 301/298/278
f 156/198/279 158/221/279 300/297/279 302/299/279
f 301/298/280 159/222/280 157/201/280 303/300/280
f 227/218/281 160/216/281 298/301/281 280/293/281
f 299/302/282 161/217/282 228/220/282 281/295/282
f 160/216/283 162/214/283 296/303/283 298/301/283
f 297/304/284 163/215/284 161/217/284 299/302/284
f 162/214/285 164/212/285 294/305/285 296/303/285
f 295/306/286 165/213/286 163/215/286 297/304/286
f 164/212/287 166/210/287 292/307/287 294/305/287
f 293/308/288 167/211/288 165/213/288 295/306/288
f 166/210/289 168/208/289 290/309/289 292/307/289
f 291/310/290 169/209/290 167/211/290 293/308/290
f 168/208/291 170/206/291 288/311/291 290/309/291
f 289/312/292 171/207/292 169/209/292 291/310/292
f 170/206/293 172/204/293 286/313/293 288/311/293
f 287/314/294 173/205/294 171/207/294 289/312/294
f 172/204/295 225/202/295 282/315/295 286/313/295
f 283/316/296 226/203/296 173/205/296 287/314/296
f 225/202/297 174/199/297 284/317/297 282/315/297
f 285/318/298 175/200/298 226/203/298 283/316/298
f 174/199/299 156/198/299 302/299/299 284/317/299
f 303/300/300 157/201/300 175/200/300 285/318/300
f 284/317/301 302/299/301 304/319/301 322/320/301
f 305/321/302 303/300/302 285/318/302 323/322/302
f 282/315/303 284/317/303 322/320/303 324/323/303
f 323/322/304 285/318/304 283/316/304 325/324/304
f 286/313/305 282/315/305 324/323/305 320/325/305
f 325/324/306 283/316/306 287/314/306 321/326/306
f 288/311/307 286/313/307 320/325/307 318/327/307
f 321/326/308 287/314/308 289/312/308 319/328/308
f 290/309/309 288/311/309 318/327/309 316/329/309
f 319/328/310 289/312/310 291/310/310 317/330/310
f 292/307/311 290/309/311 316/329/311 314/331/311
f 317/330/312 291/310/312 293/308/312 315/332/312
f 294/305/313 292/307/313 314/331/313 312/333/313
f 315/332/314 293/308/314 295/306/314 313/334/314
f 296/303/315 294/305/315 312/333/315 310/335/315
f 313/334/316 295/306/316 297/304/316 311/336/316
f 298/301/317 296/303/317 310/335/317 308/337/317
f 311/336/318 297/304/318 299/302/318 309/338/318
f 280/293/319 298/301/319 308/337/319 326/339/319
f 309/338/320 299/302/320 281/295/320 327/340/320
f 302/299/321 300/297/321 306/341/321 304/319/321
f 307/342/322 301/298/322 303/300/322 305/321/322
f 300/297/323 278/294/323 328/343/323 306/341/323
f 329/344/324 279/296/324 301/298/324 307/342/324
f 278/294/325 280/293/325 326/339/325 328/343/325
f 327/340/326 281/295/326 279/296/326 329/344/326
f 113/196/327 154/192/327 330/345/327 119/346/327
f 331/347/328 155/195/328 113/196/328 119/346/328
f 154/192/329 152/188/329 332/348/329 330/345/329
f 333/349/330 153/191/330 155/195/330 331/347/330
f 152/188/331 150/184/331 334/350/331 332/348/331
f 335/351/332 151/187/332 153/191/332 333/349/332
f 150/184/333 148/180/333 336/352/333 334/350/333
f 337/353/334 149/183/334 151/187/334 335/351/334
f 148/180/335 146/176/335 338/354/335 336/352/335
f 339/355/336 147/179/336 149/183/336 337/353/336
f 146/176/337 144/172/337 340/356/337 338/354/337
f 341/357/338 145/175/338 147/179/338 339/355/338
f 144/172/339 142/168/339 342/358/339 340/356/339
f 343/359/340 143/171/340 145/175/340 341/357/340
f 142/168/341 140/164/341 344/360/341 342/358/341
f 345/361/342 141/167/342 143/171/342 343/359/342
f 140/164/343 138/157/343 346/362/343 344/360/343
f 347/363/344 139/161/344 141/167/344 345/361/344
f 354/364/345 355/365/345 374/366/345 384/367/345
f 375/368/346 355/369/346 354/370/346 385/371/346
f 353/372/347 354/364/347 384/367/347 382/373/347
f 385/371/348 354/370/348 353/374/348 383/375/348
f 352/376/349 353/372/349 382/373/349 386/377/349
f 383/375/350 353/374/350 352/376/350 387/378/350
f 135/134/351 137/137/351 352/376/351 386/377/351
f 352/376/352 137/137/352 136/139/352 387/378/352
f 133/140/353 135/134/353 386/377/353 380/379/353
f 387/378/354 136/139/354 134/143/354 381/380/354
f 131/144/355 133/140/355 380/379/355 376/381/355
f 381/380/356 134/143/356 132/147/356 377/382/356
f 129/148/357 131/144/357 376/381/357 378/383/357
f 377/382/358 132/147/358 130/151/358 379/384/358
f 376/381/359 382/373/359 384/367/359 378/383/359
f 385/371/360 383/375/360 377/382/360 379/384/360
f 376/381/361 380/379/361 386/377/361 382/373/361
f 387/378/362 381/380/362 377/382/362 383/375/362
f 372/385/363 378/383/363 384/367/363 374/366/363
f 385/371/364 379/384/364 373/386/364 375/368/364
f 127/152/365 129/148/365 378/383/365 372/385/365
f 379/384/366 130/151/366 128/155/366 373/386/366
f 255/273/367 388/387/367 390/388/367 261/275/367
f 391/389/368 389/390/368 256/274/368 262/276/368
f 127/152/369 372/385/369 388/387/369 255/273/369
f 389/390/370 373/386/370 128/155/370 256/274/370
f 125/156/371 261/275/371 390/388/371 392/391/371
f 391/389/372 262/276/372 126/162/372 393/392/372
f 125/156/373 392/391/373 346/362/373 138/157/373
f 347/363/374 393/392/374 126/162/374 139/161/374
f 123/393/375 370/394/375 398/395/375 350/396/375
f 399/397/376 371/398/376 123/399/376 350/400/376
f 350/396/377 398/395/377 396/401/377 124/402/377
f 397/403/378 399/397/378 350/400/378 124/404/378
f 124/402/379 396/401/379 394/405/379 351/406/379
f 395/407/380 397/403/380 124/404/380 351/408/380
f 351/406/381 394/405/381 374/366/381 355/365/381
f 375/368/382 395/407/382 351/408/382 355/369/382
f 372/385/383 374/366/383 394/405/383 388/387/383
f 395/407/384 375/368/384 373/386/384 389/390/384
f 342/358/385 344/360/385 364/409/385 356/410/385
f 365/411/386 345/361/386 343/359/386 357/412/386
f 122/413/387 362/414/387 370/394/387 123/393/387
f 371/398/388 363/415/388 122/416/388 123/399/388
f 348/417/389 404/418/389 402/419/389 349/420/389
f 403/421/390 405/422/390 348/423/390 349/424/390
f 349/420/391 402/419/391 400/425/391 121/426/391
f 401/427/392 403/421/392 349/424/392 121/428/392
f 121/426/393 400/425/393 362/414/393 122/413/393
f 363/415/394 401/427/394 121/428/394 122/416/394
f 338/429/395 340/356/395 408/430/395 410/431/395
f 409/432/396 341/357/396 339/433/396 411/434/396
f 410/431/397 408/430/397 414/435/397 412/436/397
f 415/437/398 409/432/398 411/434/398 413/438/398
f 412/436/399 414/435/399 416/439/399 418/440/399
f 417/441/400 415/437/400 413/438/400 419/442/400
f 418/440/401 416/439/401 422/443/401 420/444/401
f 423/445/402 417/441/402 419/442/402 421/446/402
f 360/447/403 424/448/403 420/444/403 422/443/403
f 421/446/404 425/449/404 361/450/404 423/445/404
f 362/414/405 400/425/405 420/444/405 424/448/405
f 421/446/406 401/427/406 363/415/406 425/449/406
f 400/425/407 402/419/407 418/440/407 420/444/407
f 419/442/408 403/421/408 401/427/408 421/446/408
f 402/419/409 404/418/409 412/436/409 418/440/409
f 413/438/410 405/422/410 403/421/410 419/442/410
f 404/418/411 406/451/411 410/431/411 412/436/411
f 411/434/412 407/452/412 405/422/412 413/438/412
f 336/453/413 338/429/413 410/431/413 406/451/413
f 411/434/414 339/433/414 337/454/414 407/452/414
f 120/455/415 406/451/415 404/418/415 348/417/415
f 405/422/416 407/452/416 120/456/416 348/423/416
f 330/457/417 332/458/417 334/459/417 336/453/417
f 335/460/418 333/461/418 331/462/418 337/454/418
f 330/457/419 336/453/419 406/451/419 120/455/419
f 407/452/420 337/454/420 331/462/420 120/456/420
f 119/463/421 330/457/421 120/455/421
f 120/456/422 331/462/422 119/464/422
f 340/356/423 342/358/423 356/410/423 408/430/423
f 357/412/424 343/359/424 341/357/424 409/432/424
f 356/410/425 358/465/425 414/435/425 408/430/425
f 415/437/426 359/466/426 357/412/426 409/432/426
f 358/465/427 428/467/427 416/439/427 414/435/427
f 417/441/428 429/468/428 359/466/428 415/437/428
f 360/447/429 422/443/429 416/439/429 428/467/429
f 417/441/430 423/445/430 361/450/430 429/468/430
f 394/405/431 396/401/431 432/469/431 430/470/431
f 433/471/432 397/403/432 395/407/432 431/472/432
f 364/409/433 430/470/433 432/469/433 366/473/433
f 433/471/434 431/472/434 365/411/434 367/474/434
f 344/360/435 346/362/435 430/470/435 364/409/435
f 431/472/436 347/363/436 345/361/436 365/411/436
f 346/362/437 390/388/437 388/387/437 430/470/437
f 389/390/438 391/389/438 347/363/438 431/472/438
f 388/387/439 394/405/439 430/470/439
f 431/472/440 395/407/440 389/390/440
f 346/362/441 392/391/441 390/388/441
f 391/389/442 393/392/442 347/363/442
f 360/447/443 368/475/443 426/476/443 424/448/443
f 427/477/444 369/478/444 361/450/444 425/449/444
f 362/414/445 424/448/445 426/476/445 370/394/445
f 427/477/446 425/449/446 363/415/446 371/398/446
f 366/473/447 432/469/447 426/476/447 368/475/447
f 427/477/448 433/471/448 367/474/448 369/478/448
f 396/401/449 398/395/449 426/476/449 432/469/449
f 427/477/450 399/397/450 397/403/450 433/471/450
f 370/394/451 426/476/451 398/395/451
f 399/397/452 427/477/452 371/398/452
f 446/479/453 434/480/453 460/481/453 448/482/453
f 461/483/454 435/484/454 447/485/454 449/486/454
f 446/479/455 448/482/455 450/487/455 444/488/455
f 451/489/456 449/486/456 447/485/456 445/490/456
f 444/488/457 450/487/457 452/491/457 442/492/457
f 453/493/458 451/489/458 445/490/458 443/494/458
f 442/492/459 452/491/459 454/495/459 440/496/459
f 455/497/460 453/493/460 443/494/460 441/498/460
f 440/496/461 454/495/461 456/499/461 438/500/461
f 457/501/462 455/497/462 441/498/462 439/502/462
f 438/500/463 456/499/463 458/503/463 436/504/463
f 459/505/464 457/501/464 439/502/464 437/506/464
f 456/499/465 466/507/465 464/508/465 458/503/465
f 465/509/466 467/510/466 457/501/466 459/505/466
f 454/495/467 468/511/467 466/507/467 456/499/467
f 467/510/468 469/512/468 455/497/468 457/501/468
f 452/491/469 470/513/469 468/511/469 454/495/469
f 469/512/470 471/514/470 453/493/470 455/497/470
f 450/487/471 472/515/471 470/513/471 452/491/471
f 471/514/472 473/516/472 451/489/472 453/493/472
f 448/482/473 474/517/473 472/515/473 450/487/473
f 473/516/474 475/518/474 449/486/474 451/489/474
f 448/482/475 460/481/475 462/519/475 474/517/475
f 463/520/476 461/483/476 449/486/476 475/518/476
f 364/409/477 366/473/477 490/521/477 488/522/477
f 491/523/478 367/474/478 365/411/478 489/524/478
f 366/525/479 436/504/479 458/503/479 490/526/479
f 459/505/480 437/506/480 367/527/480 491/528/480
f 356/410/481 364/409/481 488/522/481 358/465/481
f 489/524/482 365/411/482 357/412/482 359/466/482
f 428/529/483 476/530/483 460/481/483 434/480/483
f 461/483/484 477/531/484 429/532/484 435/484/484
f 458/503/485 464/508/485 486/533/485 490/526/485
f 487/534/486 465/509/486 459/505/486 491/528/486
f 484/535/487 492/536/487 490/526/487 486/533/487
f 491/528/488 493/537/488 485/538/488 487/534/488
f 480/539/489 492/536/489 484/535/489 482/540/489
f 485/538/490 493/537/490 481/541/490 483/542/490
f 478/543/491 494/544/491 492/536/491 480/539/491
f 493/537/492 495/545/492 479/546/492 481/541/492
f 476/530/493 494/544/493 478/543/493 496/547/493
f 479/546/494 495/545/494 477/531/494 497/548/494
f 460/481/495 476/530/495 496/547/495 462/519/495
f 497/548/496 477/531/496 461/483/496 463/520/496
f 358/465/497 494/549/497 476/550/497 428/467/497
f 477/551/498 495/552/498 359/466/498 429/468/498
f 358/465/499 488/522/499 492/553/499 494/549/499
f 493/554/500 489/524/500 359/466/500 495/552/500
f 488/522/501 490/521/501 492/553/501
f 493/554/502 491/523/502 489/524/502
f 462/519/503 496/547/503 498/555/503 522/556/503
f 499/557/504 497/548/504 463/520/504 523/558/504
f 496/547/505 478/543/505 508/559/505 498/555/505
f 509/560/506 479/546/506 497/548/506 499/557/506
f 478/543/507 480/539/507 506/561/507 508/559/507
f 507/562/508 481/541/508 479/546/508 509/560/508
f 480/539/509 482/540/509 504/563/509 506/561/509
f 505/564/510 483/542/510 481/541/510 507/562/510
f 482/540/511 484/535/511 502/565/511 504/563/511
f 503/566/512 485/538/512 483/542/512 505/564/512
f 484/535/513 486/533/513 500/567/513 502/565/513
f 501/568/514 487/534/514 485/538/514 503/566/514
f 486/533/515 464/508/515 520/569/515 500/567/515
f 521/570/516 465/509/516 487/534/516 501/568/516
f 474/517/517 462/519/517 522/556/517 510/571/517
f 523/558/518 463/520/518 475/518/518 511/572/518
f 472/515/519 474/517/519 510/571/519 512/573/519
f 511/572/520 475/518/520 473/516/520 513/574/520
f 470/513/521 472/515/521 512/573/521 514/575/521
f 513/574/522 473/516/522 471/514/522 515/576/522
f 468/511/523 470/513/523 514/575/523 516/577/523
f 515/576/524 471/514/524 469/512/524 517/578/524
f 466/507/525 468/511/525 516/577/525 518/579/525
f 517/578/526 469/512/526 467/510/526 519/580/526
f 464/508/527 466/507/527 518/579/527 520/569/527
f 519/580/528 467/510/528 465/509/528 521/570/528
f 504/563/529 502/565/529 526/581/529 524/582/529
f 527/583/530 503/566/530 505/564/530 525/584/530
f 524/582/531 526/581/531 528/585/531 530/586/531
f 529/587/532 527/583/532 525/584/532 531/588/532
f 530/586/533 528/585/533 534/589/533 532/590/533
f 535/591/534 529/587/534 531/588/534 533/592/534
f 532/590/535 534/589/535 536/593/535 538/594/535
f 537/595/536 535/591/536 533/592/536 539/596/536
f 510/571/537 522/556/537 532/590/537 538/594/537
f 533/592/538 523/558/538 511/572/538 539/596/538
f 498/555/539 530/586/539 532/590/539 522/556/539
f 533/592/540 531/588/540 499/557/540 523/558/540
f 498/555/541 508/559/541 524/582/541 530/586/541
f 525/584/542 509/560/542 499/557/542 531/588/542
f 504/563/543 524/582/543 508/559/543 506/561/543
f 509/560/544 525/584/544 505/564/544 507/562/544
f 500/567/545 520/569/545 526/581/545 502/565/545
f 527/583/546 521/570/546 501/568/546 503/566/546
f 518/579/547 528/585/547 526/581/547 520/569/547
f 527/583/548 529/587/548 519/580/548 521/570/548
f 516/577/549 534/589/549 528/585/549 518/579/549
f 529/587/550 535/591/550 517/578/550 519/580/550
f 514/575/551 536/593/551 534/589/551 516/577/551
f 535/591/552 537/595/552 515/576/552 517/578/552
f 512/573/553 538/594/553 536/593/553 514/575/553
f 537/595/554 539/596/554 513/574/554 515/576/554
f 510/571/555 538/594/555 512/573/555
f 513/574/556 539/596/556 511/572/556
f 438/500/557 436/504/557 550/597/557 548/598/557
f 551/599/558 437/506/558 439/502/558 549/600/558
f 440/496/559 438/500/559 548/598/559 546/601/559
f 549/600/560 439/502/560 441/498/560 547/602/560
f 442/492/561 440/496/561 546/601/561 544/603/561
f 547/602/562 441/498/562 443/494/562 545/604/562
f 444/605/563 442/492/563 544/603/563 542/606/563
f 545/604/564 443/494/564 445/607/564 543/608/564
f 446/609/565 444/605/565 542/606/565 540/610/565
f 543/608/566 445/607/566 447/611/566 541/612/566
f 434/613/567 446/609/567 540/610/567 552/614/567
f 541/612/568 447/611/568 435/615/568 553/616/568
f 540/610/569 548/598/569 550/597/569 552/614/569
f 551/599/570 549/600/570 541/612/570 553/616/570
f 540/610/571 542/606/571 546/601/571 548/598/571
f 547/602/572 543/608/572 541/612/572 549/600/572
f 542/606/573 544/603/573 546/601/573
f 547/602/574 545/604/574 543/608/574
f 360/617/575 428/618/575 434/613/575 552/614/575
f 435/615/576 429/619/576 361/620/576 553/616/576
f 360/617/577 552/614/577 550/597/577 368/621/577
f 551/599/578 553/616/578 361/620/578 369/622/578
f 366/525/579 368/621/579 550/597/579 436/504/579
f 551/599/580 369/622/580 367/527/580 437/506/580
o Suzanne.001
v -0.049429 4.725897 -0.893031
v -0.729055 5.267992 -0.992364
v -0.063426 4.605103 -0.905932
v -0.840142 5.224640 -1.019455
v -0.081828 4.495716 -0.964084
v -0.931361 5.173334 -1.088250
v -0.264740 4.591827 -0.908567
v -0.810868 5.027438 -0.988388
v -0.203688 4.677152 -0.860631
v -0.749816 5.112764 -0.940452
v -0.128662 4.769182 -0.871711
v -0.674790 5.204794 -0.951532
v -0.167355 4.844001 -0.886851
v -0.592121 5.182810 -0.948934
v -0.277381 4.817834 -0.896226
v -0.592922 5.069521 -0.942344
v -0.363848 4.774759 -0.952619
v -0.606572 4.968364 -0.988095
v -0.318736 4.936399 -1.067329
v -0.440098 5.033201 -1.085067
v -0.244055 4.942945 -0.992021
v -0.462506 5.117189 -1.023949
v -0.148537 4.908830 -0.937083
v -0.524758 5.208918 -0.992071
v -0.076865 4.939484 -0.984888
v -0.501632 5.278293 -1.046971
v -0.113639 4.990613 -1.073626
v -0.429179 5.242300 -1.119745
v -0.152706 4.997552 -1.181372
v -0.395430 5.191157 -1.216848
v 0.032582 4.905556 -1.230688
v -0.513546 5.341167 -1.310509
v 0.028999 4.922679 -1.112726
v -0.517129 5.358291 -1.192547
v -0.003700 4.901039 -1.007095
v -0.549829 5.336651 -1.086916
v 0.041060 4.821380 -0.991068
v -0.638566 5.363475 -1.090401
v 0.100316 4.777882 -1.083332
v -0.676399 5.397418 -1.196855
v 0.129313 4.718508 -1.192837
v -0.720219 5.396127 -1.317003
v 0.077517 4.548207 -1.079660
v -0.893378 5.322628 -1.221564
v 0.062237 4.644541 -0.999939
v -0.811568 5.341519 -1.127652
v 0.015557 4.747890 -0.942369
v -0.712614 5.328705 -1.048797
v 0.026378 4.751280 -0.929080
v -0.713929 5.341776 -1.037281
v 0.056190 4.829317 -0.982447
v -0.635573 5.381092 -1.083554
v 0.012046 4.922479 -0.997829
v -0.534082 5.358090 -1.077650
v -0.071496 4.961216 -0.971840
v -0.484126 5.290345 -1.032149
v -0.153545 4.930855 -0.920253
v -0.505494 5.211583 -0.971694
v -0.170604 4.856640 -0.864466
v -0.583234 5.185769 -0.924775
v -0.054079 4.857529 -0.899862
v -0.600207 5.293140 -0.979683
v -0.130152 4.772434 -0.843771
v -0.676280 5.208046 -0.923592
v -0.042918 4.724741 -0.875073
v -0.734680 5.276516 -0.976180
v -0.249864 5.139190 -1.120027
v -0.269193 5.134874 -1.011332
v -0.864120 4.489430 -0.463312
v -0.651649 4.723274 -0.640853
v -0.573644 4.808800 -0.707814
v -0.920581 4.426638 -0.419693
v -0.305561 5.051476 -1.217643
v -0.224576 5.130498 -1.340484
v -0.383378 4.732988 -2.423324
v -0.661334 4.376983 -2.464427
v -0.925673 4.102880 -2.151713
v -1.030655 4.090194 -1.502673
v -0.487156 4.559500 -0.870789
v -0.802697 4.811187 -0.916908
v -0.537715 4.350356 -0.702782
v -1.023162 4.737566 -0.773734
v -0.649572 4.176111 -0.544289
v -1.195700 4.611723 -0.624110
v -0.757042 4.032185 -0.456811
v -1.327442 4.487157 -0.540179
v -0.819922 4.020443 -0.434767
v -1.329641 4.427014 -0.509267
v -0.938638 4.115226 -0.412808
v -1.217770 4.337872 -0.453606
v -1.079694 4.229801 -0.405267
v -0.288764 4.425116 -0.896997
v -0.968390 4.967211 -0.996330
v -0.078668 4.367336 -0.929313
v -1.061699 5.151437 -1.072991
v 0.147938 4.306074 -1.093597
v -1.138498 5.332181 -1.281619
v 0.372480 4.528587 -1.140290
v -0.962500 5.593415 -1.335408
v 0.296854 4.668838 -1.165016
v -0.807538 5.549741 -1.326432
v 0.210591 4.905485 -1.210266
v -0.553988 5.515341 -1.322016
v 0.177530 5.127595 -1.285939
v -0.320053 5.524486 -1.358665
v 0.035684 5.218849 -1.262619
v -0.207040 5.412455 -1.298095
v -0.164471 5.140959 -1.144078
v -0.261560 5.218401 -1.158269
v -0.121548 5.044915 -1.067261
v -0.376407 5.248200 -1.104511
v -0.214590 5.001345 -1.012539
v -0.408769 5.156229 -1.040920
v -0.277381 4.817834 -0.896226
v -0.592922 5.069521 -0.942344
v -0.198854 4.645308 -0.861035
v -0.781391 5.109960 -0.946178
v -0.091483 4.583526 -0.900547
v -0.856062 5.193382 -1.012296
v 0.073491 4.561646 -0.978768
v -0.897404 5.336067 -1.120672
v 0.145953 4.615622 -1.042352
v -0.849214 5.409403 -1.187804
v 0.163455 4.693521 -1.081069
v -0.771031 5.438900 -1.217651
v 0.081062 4.865184 -1.094520
v -0.586428 5.397598 -1.192079
v -0.029388 5.015270 -1.102586
v -0.417746 5.325039 -1.159348
v -0.911519 4.439415 -0.411960
v -0.800712 4.398934 -0.427553
v -0.970619 4.534458 -0.452387
v -0.866408 4.313547 -0.375244
v -1.048450 4.458751 -0.401851
v -0.939490 4.311916 -0.365844
v -1.036580 4.389359 -0.380034
v -0.994720 4.341975 -0.374472
v -0.592209 4.779562 -0.740352
v -0.564422 4.807274 -0.779232
v -0.489846 4.739806 -0.763034
v -0.647616 4.865649 -0.786094
v -0.512356 4.683932 -0.707488
v -0.706535 4.838817 -0.735869
v -0.579544 4.667644 -0.680776
v -0.713042 4.774127 -0.700288
v -0.224626 4.577952 -0.845832
v -0.843571 5.071645 -0.936296
v -0.012959 4.476846 -0.918895
v -0.971717 5.241586 -1.059025
v 0.146737 4.483127 -1.013782
v -0.981927 5.383391 -1.178746
v 0.270304 4.602283 -1.071306
v -0.882633 5.521907 -1.239817
v 0.270758 4.695935 -1.045046
v -0.797226 5.547797 -1.201140
v 0.171217 4.965151 -1.096979
v -0.508409 5.507246 -1.196312
v 0.137716 5.117731 -1.136185
v -0.347731 5.504941 -1.207137
v 0.044588 5.180083 -1.122194
v -0.270953 5.431769 -1.168313
v -0.140090 5.129766 -1.027883
v -0.297860 5.255610 -1.050942
v -0.424403 4.789603 -0.732574
v -0.618582 4.944487 -0.760954
v -0.578140 4.482805 -0.598022
v -0.905817 4.744172 -0.645915
v -0.697125 4.296214 -0.458133
v -1.085483 4.605983 -0.514895
v -0.756752 4.205986 -0.404936
v -1.169383 4.535115 -0.465246
v -0.842237 4.154325 -0.377267
v -1.206323 4.444732 -0.430482
v -0.905468 4.188792 -0.375913
v -1.160328 4.392077 -0.413163
v -1.039140 4.285457 -0.379000
v -0.465758 4.908167 -0.903677
v -0.363388 5.024225 -0.970708
v 0.030850 4.963185 -1.110788
v -0.478870 5.369756 -1.185288
v -0.279492 4.873431 -0.922470
v -0.534351 5.076716 -0.959719
v -0.262607 4.937828 -0.961832
v -0.468922 5.102392 -0.991986
v -0.777408 4.412282 -0.445340
v -0.959451 4.557485 -0.471947
v -0.669417 4.585663 -0.582094
v -0.790779 4.682466 -0.599832
v -0.730098 4.634064 -0.590963
v -0.667838 4.698151 -0.667190
v -0.552978 4.692473 -0.658221
v -0.698612 4.808636 -0.679506
v -0.492031 4.703784 -0.669394
v -0.698346 4.868348 -0.699549
v -0.463279 4.764635 -0.740478
v -0.633186 4.900159 -0.765312
v -0.513583 4.812743 -0.753129
v -0.574264 4.861145 -0.761998
v -0.572757 4.816167 -0.673672
v -0.510938 4.810723 -0.713432
v -0.583755 4.868805 -0.724075
v -0.478838 4.777136 -0.703442
v -0.624472 4.893299 -0.724728
v -0.500731 4.734765 -0.647250
v -0.670637 4.870288 -0.672083
v -0.545059 4.728139 -0.655396
v -0.666420 4.824942 -0.673134
v -0.627285 4.753807 -0.640923
v -0.516000 4.448755 -0.796087
v -0.916494 4.768204 -0.854622
v -0.502514 4.630062 -0.724723
v -0.757374 4.833348 -0.761972
v -0.529159 4.579461 -0.680933
v -0.808291 4.802107 -0.721730
v -0.499732 4.499650 -0.836095
v -0.863817 4.790058 -0.889309
v -0.986102 4.351069 -0.383808
v -0.945385 4.326575 -0.383156
v -1.018202 4.384656 -0.393798
v -0.875994 4.337161 -0.387241
v -1.021628 4.453324 -0.408527
v -0.828151 4.390859 -0.421523
v -0.973786 4.507022 -0.442809
v -0.943898 4.389170 -0.464634
v -0.851469 4.353391 -0.466464
v -0.997103 4.469553 -0.487750
v -0.893070 4.304670 -0.447720
v -1.038704 4.420834 -0.469006
v -0.953399 4.306862 -0.435901
v -1.026217 4.364944 -0.446543
v -0.994117 4.331356 -0.436553
v -0.220829 4.930520 -0.943462
v -0.487825 5.143486 -0.982486
v -0.245541 4.880350 -0.910542
v -0.536809 5.112676 -0.953113
v 0.015816 4.939295 -1.069488
v -0.506040 5.355546 -1.145762
v -0.032285 4.981699 -1.059513
v -0.457052 5.320508 -1.121596
v 0.070081 4.876097 -1.028656
v -0.585272 5.398831 -1.124442
v 0.129692 4.720541 -1.046693
v -0.744113 5.417520 -1.174407
v 0.111048 4.665532 -1.012886
v -0.799166 5.391551 -1.145921
v 0.050895 4.611695 -0.963953
v -0.847182 5.328034 -1.095214
v -0.067817 4.640631 -0.888456
v -0.808124 5.231127 -0.996658
v -0.161119 4.693164 -0.858040
v -0.743656 5.157817 -0.943183
v -0.238679 4.832984 -0.871896
v -0.590628 5.113711 -0.923336
v -0.171671 4.971148 -0.989260
v -0.450803 5.193794 -1.030057
v -0.104308 4.997255 -1.032396
v -0.431985 5.258622 -1.080289
v -0.101850 4.961296 -1.039002
v -0.465936 5.251703 -1.092216
v -0.166663 4.949122 -1.006089
v -0.470067 5.191128 -1.050434
v -0.225053 4.820052 -0.898063
v -0.601274 5.120140 -0.953050
v -0.152945 4.698575 -0.884448
v -0.735481 5.163227 -0.969590
v -0.076088 4.651175 -0.911969
v -0.792122 5.222310 -1.016623
v 0.032865 4.636034 -0.983039
v -0.816667 5.313652 -1.107205
v 0.077714 4.672115 -1.024168
v -0.783954 5.359413 -1.150108
v 0.092049 4.722578 -1.053306
v -0.733211 5.380836 -1.173925
v 0.052576 4.864045 -1.043478
v -0.590642 5.377098 -1.137490
v -0.041520 4.959104 -1.050822
v -0.478423 5.307593 -1.114679
v 0.000513 4.921539 -1.061684
v -0.521343 5.337790 -1.137958
v -0.231915 4.867418 -0.936709
v -0.547456 5.119104 -0.982828
v -0.207820 4.904086 -0.970275
v -0.511225 5.146092 -1.014620
v -0.188068 5.019657 -1.231704
v -0.357975 5.155180 -1.256537
v -0.006909 5.088748 -1.337126
v -0.310313 5.330754 -1.381471
v 0.108116 5.002920 -1.353771
v -0.413740 5.419171 -1.430044
v 0.138276 4.813086 -1.288562
v -0.614167 5.413262 -1.398538
v 0.214952 4.600052 -1.255309
v -0.840896 5.442235 -1.409630
v 0.270615 4.483709 -1.238800
v -0.967276 5.471095 -1.419728
v 0.092694 4.312011 -1.164952
v -1.108788 5.270357 -1.340558
v -0.119413 4.343587 -1.055421
v -1.053899 5.088967 -1.192004
v -0.281918 4.419475 -0.974617
v -0.961544 4.961570 -1.073950
v -0.129136 5.173316 -1.759800
v -0.193414 5.029915 -2.102607
v -1.024658 4.030593 -1.868963
v -0.909794 4.328676 -1.028109
v -1.111026 4.172619 -0.502953
v -1.051869 4.210921 -0.698675
v -0.929727 4.334979 -0.857332
v -0.894208 4.364418 -0.939690
v 0.094736 4.135808 -1.452347
v -1.228107 5.190956 -1.645691
v 0.117314 4.127484 -1.583428
v -1.217665 5.192313 -1.778545
v -0.098402 3.943138 -1.870562
v -1.299884 4.901483 -2.046169
v -0.327115 4.096855 -2.219583
v -1.043149 4.667990 -2.324237
v -0.146657 4.052955 -1.285185
v -1.287458 4.962900 -1.451922
v -0.370256 3.971153 -1.440499
v -1.292606 4.706853 -1.575308
v -0.349999 3.870397 -1.716044
v -1.345166 4.664178 -1.861495
v -0.623466 3.972080 -1.974015
v -1.145321 4.388331 -2.050288
v -0.600895 4.362353 -0.893228
v -0.964980 4.652761 -0.946442
v -0.722989 4.281670 -0.979911
v -1.002121 4.504316 -1.020708
v -0.763761 4.106974 -0.690875
v -1.212800 4.465143 -0.756506
v -0.675382 4.258053 -0.815156
v -1.063740 4.567821 -0.871918
v -0.840703 3.972787 -0.552660
v -1.350423 4.379357 -0.627159
v -0.909661 4.163425 -0.692118
v -1.128113 4.337669 -0.724047
v -0.803521 4.296300 -0.830809
v -0.997700 4.451184 -0.859190
v -0.973489 4.076818 -0.521605
v -1.228348 4.280104 -0.558855
v -0.567122 4.425300 -0.918414
v -0.906935 4.696347 -0.968080
v -0.531146 4.482543 -0.920974
v -0.858823 4.743910 -0.968867
v -0.497547 4.535672 -0.929735
v -0.813087 4.787359 -0.975854
v -0.714303 4.226568 -1.064782
v -1.041980 4.487935 -1.112675
v -0.735149 3.992457 -1.442774
v -1.196324 4.360307 -1.510179
v -0.691414 3.914867 -1.752530
v -1.225406 4.340798 -1.830578
v 0.001233 4.520493 -2.222986
v -0.702666 5.081948 -2.325866
v 0.130749 4.721476 -2.012287
v -0.573150 5.282930 -2.115167
v 0.180326 4.836501 -1.723758
v -0.523572 5.397956 -1.826638
v 0.064818 4.743576 -1.371768
v -0.651217 5.314711 -1.476422
v 0.177985 4.461427 -1.346001
v -0.950680 5.361691 -1.510964
v 0.114389 4.517982 -1.428062
v -0.868642 5.302083 -1.571740
v 0.189439 4.539299 -1.756398
v -0.805728 5.333080 -1.901850
v 0.254623 4.397691 -1.598818
v -0.983267 5.385077 -1.779746
v 0.211127 4.301947 -1.823733
v -1.026763 5.289333 -2.004661
v 0.139258 4.434893 -1.982846
v -0.855909 5.228674 -2.128298
v 0.024442 4.262285 -2.139267
v -0.970725 5.056066 -2.284719
v 0.094378 4.128907 -1.969285
v -1.143512 5.116294 -2.150213
v -0.230438 3.998126 -2.043470
v -1.189196 4.762866 -2.183600
v -0.489767 3.923659 -1.845473
v -1.242210 4.523835 -1.955448
v 0.043761 4.073927 -1.716554
v -1.230538 5.090355 -1.902802
v -0.446701 4.224644 -1.185728
v -1.077782 4.728018 -1.277966
v -0.550724 4.007184 -1.454315
v -1.218214 4.539598 -1.551874
v 0.131960 4.059373 -1.780060
v -1.251565 5.162923 -1.982274
v -0.227428 3.871313 -1.379758
v -1.428909 4.829659 -1.555364
v -0.061346 3.622487 -1.534176
v -1.675458 4.909961 -1.770091
v 0.182056 3.509881 -1.680665
v -1.808277 5.097444 -1.971568
v 0.385552 3.625026 -1.825208
v -1.714007 5.299711 -2.132076
v 0.397947 3.806751 -1.950554
v -1.519570 5.336232 -2.230814
v 0.250137 3.976861 -1.869011
v -1.339702 5.244974 -2.101378
v 0.216725 3.957672 -1.813946
v -1.360978 5.216105 -2.044540
v 0.332261 3.811332 -1.889055
v -1.512438 5.282731 -2.158673
v 0.306319 3.668311 -1.803888
v -1.659742 5.236513 -2.091244
v 0.147499 3.579428 -1.684049
v -1.733609 5.079868 -1.958988
v -0.025813 3.676047 -1.553806
v -1.627789 4.953841 -1.787948
v -0.148546 3.874238 -1.421767
v -1.434981 4.900345 -1.609789
v 0.135130 4.020963 -1.736100
v -1.296939 5.163233 -1.945408
v 0.101786 3.937578 -1.756571
v -1.366691 5.108889 -1.971200
v -0.103976 3.826486 -1.505580
v -1.475364 4.920355 -1.706020
v -0.017209 3.661019 -1.625871
v -1.631321 4.948493 -1.861786
v 0.126032 3.582466 -1.727052
v -1.718668 5.053865 -1.996670
v 0.248621 3.644361 -1.815100
v -1.668896 5.173842 -2.095360
v 0.262778 3.750853 -1.881352
v -1.557649 5.202891 -2.147421
v 0.162628 3.874874 -1.826854
v -1.427212 5.142987 -2.059222
v 0.038044 4.032558 -1.696752
v -1.272663 5.078026 -1.888322
v -0.051668 3.936275 -1.677222
v -1.350239 4.972062 -1.867018
v -0.155439 3.939208 -1.639406
v -1.332649 4.878193 -1.811465
v -0.111203 3.895940 -1.627643
v -1.385502 4.912367 -1.813892
v -0.131780 3.840499 -1.582966
v -1.442488 4.885966 -1.774537
v -0.173289 3.841672 -1.567840
v -1.435451 4.848419 -1.752315
v -0.169641 4.011003 -1.425703
v -1.298306 4.911266 -1.590666
v -0.219526 3.948704 -1.493200
v -1.336054 4.839288 -1.656389
v -0.189806 3.976848 -1.542949
v -1.306334 4.867432 -1.706139
v -0.045764 4.011584 -1.650721
v -1.283654 4.998971 -1.831648
v 0.031966 3.947430 -1.706828
v -1.351559 5.050980 -1.909041
v 0.011024 3.914077 -1.745568
v -1.372500 5.017626 -1.947781
v -0.187545 3.816981 -1.605047
v -1.449708 4.823728 -1.789522
v -0.139969 3.810967 -1.619286
v -1.462812 4.866116 -1.812631
v -0.123701 3.861862 -1.659294
v -1.410136 4.887969 -1.847317
v -0.163628 3.909677 -1.675727
v -1.352973 4.858342 -1.849559
v -0.059856 3.906743 -1.713542
v -1.370564 4.952211 -1.905112
v 0.149513 3.827293 -1.859152
v -1.464599 5.114768 -2.095067
v 0.252040 3.707387 -1.907448
v -1.592659 5.178787 -2.177065
v 0.248259 3.600603 -1.844977
v -1.705666 5.159124 -2.130559
v 0.128047 3.542823 -1.750729
v -1.753061 5.043263 -2.025668
v -0.027774 3.627373 -1.668392
v -1.654022 4.924527 -1.906081
v -0.116300 3.802226 -1.553657
v -1.487688 4.896095 -1.754096
v 0.082604 3.894838 -1.789755
v -1.398010 5.075829 -2.006159
v -0.060296 3.837213 -1.677074
v -1.443821 4.940763 -1.879287
v -0.052118 3.776776 -1.649943
v -1.508459 4.938407 -1.862799
v 0.021395 3.757969 -1.705000
v -1.532036 4.997042 -1.932047
v 0.021661 3.817680 -1.725043
v -1.471090 5.008352 -1.943220
v 0.091481 3.807828 -1.774786
v -1.486222 5.066262 -2.005379
v 0.093591 3.752232 -1.748542
v -1.544793 5.059066 -1.988005
v 0.146619 3.727876 -1.762540
v -1.576719 5.102472 -2.014419
v 0.162887 3.778771 -1.802548
v -1.524042 5.124327 -2.049106
v 0.176318 3.863592 -1.982094
v -1.413521 5.131706 -2.214462
v 0.350520 3.708494 -2.024657
v -1.591269 5.257335 -2.308465
v 0.361000 3.560553 -1.871441
v -1.762832 5.254599 -2.181856
v 0.175439 3.437023 -1.757733
v -1.863439 5.063306 -2.055731
v -0.102626 3.545161 -1.673737
v -1.716738 4.832635 -1.909652
v -0.268452 3.763731 -1.548551
v -1.494206 4.741437 -1.727705
v 0.049614 3.986905 -1.887425
v -1.285365 5.051733 -2.082543
vn 0.6246 -0.1499 0.7664
vn -0.4084 0.6741 0.6155
vn 0.6194 -0.4435 0.6478
vn -0.6691 0.5842 0.4595
vn 0.0205 -0.4848 0.8744
vn -0.6250 0.0301 0.7800
vn 0.2367 -0.1073 0.9656
vn -0.3224 0.3387 0.8839
vn -0.1036 0.1764 0.9788
vn 0.0186 0.0789 0.9967
vn -0.5309 -0.0758 0.8440
vn -0.1121 -0.4099 0.9052
vn -0.6186 0.5678 0.5430
vn 0.5785 -0.3871 0.7180
vn -0.2092 0.6315 0.7467
vn 0.5193 0.0504 0.8531
vn -0.0041 0.8583 0.5131
vn 0.7364 0.2676 0.6213
vn -0.2479 0.9561 0.1561
vn 0.9439 0.0055 0.3303
vn 0.4127 0.9047 -0.1057
vn 0.8041 0.5925 -0.0485
vn 0.4887 0.8204 0.2969
vn 0.6362 0.7027 0.3184
vn 0.8121 0.4855 0.3237
vn 0.2424 0.9399 0.2405
vn 0.8937 0.4480 -0.0227
vn 0.2505 0.9611 -0.1167
vn 0.9509 -0.0897 0.2963
vn -0.3350 0.9360 0.1083
vn 0.8474 0.0751 0.5255
vn -0.1954 0.9070 0.3731
vn 0.6609 -0.5700 -0.4881
vn -0.5991 0.4350 -0.6722
vn 0.4497 0.0695 -0.8905
vn 0.1310 0.3237 -0.9370
vn -0.0376 0.4733 -0.8801
vn 0.6185 -0.0500 -0.7842
vn -0.6039 0.4529 -0.6559
vn 0.6763 -0.5682 -0.4688
vn -0.9658 0.0562 -0.2531
vn 0.2983 -0.9520 -0.0683
vn -0.8987 -0.4354 0.0529
vn -0.2427 -0.9586 0.1487
vn -0.4555 -0.8857 0.0903
vn -0.7742 -0.6315 0.0437
vn 0.2791 -0.9564 -0.0864
vn -0.9628 0.0343 -0.2680
vn 0.5544 0.1975 0.8085
vn -0.0670 0.6932 0.7176
vn 0.4262 0.2005 0.8821
vn -0.0506 0.5808 0.8125
vn 0.2698 0.3501 0.8970
vn 0.1230 0.4672 0.8756
vn 0.2394 0.5476 0.8017
vn 0.3362 0.4704 0.8159
vn 0.2693 0.5793 0.7693
vn 0.3662 0.5020 0.7835
vn 0.4707 0.5551 0.6858
vn 0.3161 0.6785 0.6632
vn 0.6125 0.4025 0.6803
vn 0.1409 0.7787 0.6114
vn 0.6205 0.2671 0.7373
vn -0.0011 0.7630 0.6464
vn -0.2299 -0.3184 0.9197
vn -0.4211 -0.1659 0.8917
vn -0.1694 -0.4008 0.9004
vn -0.5096 -0.1295 0.8506
vn 0.4102 -0.2792 0.8682
vn -0.5066 0.4521 0.7342
vn 0.7632 -0.1701 0.6234
vn -0.4313 0.7827 0.4489
vn 0.8437 -0.1042 0.5267
vn -0.3675 0.8618 0.3496
vn -0.0557 -0.4277 0.9022
vn -0.5592 -0.0261 0.8286
vn 0.1292 -0.2868 0.9493
vn -0.4701 0.1912 0.8617
vn 0.4839 -0.3601 0.7976
vn -0.5872 0.4942 0.6411
vn 0.5116 -0.2726 0.8148
vn -0.5118 0.5436 0.6653
vn 0.8574 0.2727 0.4366
vn 0.0083 0.9499 0.3125
vn 0.9235 0.3630 0.1242
vn 0.1367 0.9906 0.0092
vn 0.9411 0.2401 0.2379
vn -0.0053 0.9950 0.0995
vn 0.5582 0.8066 0.1946
vn 0.6266 0.7520 0.2046
vn -0.2012 0.9563 0.2123
vn 0.9245 0.0584 0.3768
vn 0.0284 0.9973 0.0681
vn 0.9419 0.2687 0.2016
vn 0.4283 -0.1655 0.8883
vn -0.4044 0.4988 0.7666
vn 0.1728 0.0408 0.9841
vn -0.1700 0.3143 0.9340
vn -0.0988 0.1835 0.9780
vn 0.0245 0.0851 0.9961
vn -0.1989 0.0630 0.9780
vn -0.0708 -0.0392 0.9967
vn -0.0269 0.0752 0.9968
vn -0.0979 0.1318 0.9864
vn 0.3836 0.1968 0.9023
vn -0.0489 0.5418 0.8391
vn 0.4712 0.1350 0.8716
vn -0.1211 0.6075 0.7850
vn 0.3748 0.0970 0.9220
vn -0.1467 0.5130 0.8458
vn 0.6067 0.2890 0.7406
vn 0.0222 0.7552 0.6551
vn 0.3329 0.7422 0.5817
vn 0.5429 0.5746 0.6124
vn 0.3157 -0.0701 0.9463
vn -0.2996 0.4207 0.8563
vn 0.2969 0.2420 0.9237
vn 0.0086 0.4719 0.8816
vn 0.1985 0.3971 0.8960
vn 0.1831 0.4094 0.8938
vn -0.1112 -0.0741 0.9910
vn -0.2231 0.0152 0.9747
vn 0.0719 -0.0279 0.9970
vn -0.2175 0.2030 0.9547
vn 0.3724 0.1258 0.9195
vn -0.1180 0.5170 0.8478
vn 0.5127 0.2961 0.8059
vn 0.0369 0.6756 0.7364
vn 0.4663 0.2148 0.8582
vn -0.0410 0.6194 0.7840
vn 0.3247 0.5677 0.7565
vn 0.3459 0.5508 0.7596
vn 0.2652 0.4890 0.8310
vn 0.2693 0.4858 0.8316
vn 0.3041 0.5267 0.7937
vn 0.3046 -0.8640 0.4010
vn -0.9651 0.1488 0.2154
vn 0.7989 -0.5674 -0.1996
vn -0.6759 0.6089 -0.4152
vn 0.4390 0.2597 -0.8601
vn 0.3109 0.3619 -0.8788
vn -0.3976 0.9148 -0.0709
vn 0.9751 -0.1801 0.1297
vn -0.0909 -0.6557 0.7495
vn -0.7445 -0.1345 0.6540
vn 0.1393 -0.1089 0.9843
vn -0.3071 0.2472 0.9190
vn -0.0369 0.9968 -0.0704
vn 0.9794 0.1862 0.0781
vn 0.7010 0.7128 0.0206
vn 0.5376 0.8432 -0.0033
vn 0.9271 0.0072 0.3747
vn -0.2507 0.9466 0.2026
vn 0.0862 -0.3486 0.9333
vn -0.5179 0.1333 0.8450
vn 0.4591 0.6179 0.6383
vn 0.3872 0.6752 0.6278
vn 0.0827 0.2275 0.9703
vn 0.0307 0.2690 0.9627
vn -0.1667 0.6461 0.7449
vn 0.5249 0.0945 0.8459
vn -0.1447 0.3410 0.9289
vn 0.1943 0.0706 0.9784
vn 0.5371 0.1256 0.8341
vn -0.1372 0.6635 0.7355
vn 0.5509 0.3445 0.7601
vn 0.0837 0.7172 0.6919
vn 0.9489 -0.0649 0.3089
vn -0.3129 0.9416 0.1244
vn 0.9464 -0.1768 0.2704
vn -0.4134 0.9077 0.0717
vn 0.9103 -0.3271 0.2537
vn -0.5476 0.8358 0.0406
vn 0.0329 -0.1385 0.9898
vn -0.3146 0.1387 0.9390
vn 0.0649 0.4887 0.8700
vn 0.3035 0.2984 0.9049
vn 0.0221 0.6135 0.7894
vn 0.4466 0.2749 0.8514
vn 0.3287 0.6881 0.6469
vn 0.4803 0.5672 0.6691
vn 0.4832 0.7935 -0.3700
vn 0.7291 0.5974 -0.3341
vn -0.1076 0.9117 -0.3965
vn 0.9696 0.0525 -0.2391
vn -0.7767 0.6195 -0.1135
vn 0.7767 -0.6195 0.1135
vn -0.2483 -0.6768 0.6931
vn -0.7223 -0.2987 0.6238
vn 0.1489 0.3106 0.9388
vn 0.1026 0.3475 0.9321
vn 0.1954 0.2024 0.9596
vn -0.0148 0.3700 0.9289
vn -0.2988 0.5845 0.7544
vn 0.4912 -0.0457 0.8699
vn -0.0411 0.6995 0.7135
vn 0.5559 0.2233 0.8007
vn 0.1561 0.6656 0.7298
vn 0.4797 0.4075 0.7771
vn -0.5043 0.4285 0.7497
vn 0.3844 -0.2803 0.8796
vn -0.3260 -0.0145 0.9453
vn -0.1133 -0.1841 0.9764
vn 0.1900 -0.2477 0.9500
vn -0.4451 0.2589 0.8572
vn 0.4331 -0.2236 0.8732
vn -0.4586 0.4877 0.7428
vn 0.6355 0.0237 0.7717
vn -0.2446 0.7257 0.6431
vn 0.7553 0.1435 0.6395
vn -0.1307 0.8502 0.5100
vn 0.8890 0.3823 0.2522
vn 0.1398 0.9799 0.1427
vn 0.7667 0.5881 0.2574
vn 0.3622 0.9108 0.1982
vn 0.6055 0.5920 0.5319
vn 0.3508 0.7951 0.4946
vn 0.4182 0.6662 0.6174
vn 0.4459 0.6442 0.6215
vn 0.2824 0.0015 0.9593
vn -0.2261 0.4071 0.8850
vn 0.3552 0.1604 0.9209
vn -0.0814 0.5087 0.8571
vn -0.3393 0.1550 0.9278
vn 0.0556 -0.1600 0.9856
vn -0.3243 -0.1950 0.9256
vn -0.2839 -0.2273 0.9315
vn -0.1435 0.5399 0.8294
vn 0.4030 0.1040 0.9093
vn 0.0049 0.7048 0.7094
vn 0.5522 0.2683 0.7894
vn 0.4188 0.8121 0.4064
vn 0.6233 0.6489 0.4363
vn 0.5525 0.7942 0.2528
vn 0.6057 0.7518 0.2605
vn 0.8231 0.4998 0.2698
vn 0.2634 0.9462 0.1880
vn 0.8883 0.3607 0.2843
vn 0.1135 0.9787 0.1711
vn 0.5367 -0.2559 0.8040
vn -0.4989 0.5702 0.6527
vn 0.7680 -0.2467 0.5910
vn -0.5003 0.7650 0.4056
vn 0.8585 -0.0969 0.5036
vn -0.3594 0.8745 0.3256
vn -0.0397 0.6711 -0.7403
vn 0.7846 0.0136 -0.6198
vn -0.5707 0.5459 -0.6134
vn 0.7514 -0.5087 -0.4202
vn 0.1568 0.4283 -0.8899
vn 0.5367 0.1252 -0.8344
vn 0.7797 -0.0922 -0.6193
vn -0.1405 0.6419 -0.7538
vn 0.6745 0.1171 -0.7290
vn 0.1020 0.5738 -0.8126
vn 0.6363 0.2061 -0.7434
vn 0.1980 0.5557 -0.8075
vn 0.5871 -0.7153 -0.3790
vn -0.7428 0.3455 -0.5734
vn -0.1171 -0.9824 0.1455
vn -0.9470 -0.3205 0.0242
vn -0.2823 -0.9417 0.1828
vn -0.8803 -0.4648 0.0954
vn -0.3761 -0.8934 -0.2457
vn -0.7388 -0.6041 -0.2987
vn -0.1363 -0.6954 -0.7056
vn -0.5167 -0.3920 -0.7612
vn -0.4286 -0.8014 -0.4172
vn -0.6092 -0.6573 -0.4436
vn -0.4953 -0.7169 0.4906
vn -0.6742 -0.5742 0.4645
vn -0.5101 -0.7551 0.4119
vn -0.6940 -0.6084 0.3850
vn 0.6554 -0.7474 -0.1088
vn -0.8355 0.4417 -0.3267
vn 0.7150 -0.6533 -0.2489
vn -0.7326 0.5013 -0.4604
vn -0.1623 -0.6083 -0.7769
vn -0.4149 -0.4068 -0.8138
vn -0.4314 -0.6291 -0.6466
vn -0.4023 -0.6523 -0.6424
vn 0.2451 -0.9472 -0.2066
vn -0.9258 -0.0132 -0.3778
vn 0.6785 -0.6832 -0.2700
vn -0.7501 0.4562 -0.4788
vn 0.8355 -0.4964 -0.2356
vn -0.6088 0.6556 -0.4467
vn 0.8238 -0.4912 -0.2831
vn -0.5930 0.6389 -0.4901
vn 0.8963 -0.4205 -0.1408
vn -0.5650 0.7451 -0.3544
vn -0.4827 -0.8534 0.1967
vn -0.7563 -0.6352 0.1567
vn -0.2161 -0.9261 -0.3094
vn -0.7921 -0.4666 -0.3936
vn -0.3574 -0.9201 0.1604
vn -0.8400 -0.5351 0.0899
vn -0.3470 -0.7946 0.4982
vn -0.7809 -0.4485 0.4347
vn -0.3253 -0.8321 0.4492
vn -0.8129 -0.4432 0.3779
vn 0.6248 -0.7581 0.1870
vn -0.8916 0.4515 -0.0346
vn 0.4371 -0.6781 0.5908
vn -0.8471 0.3463 0.4031
vn -0.0793 -0.7717 -0.6310
vn -0.6150 -0.3444 -0.7093
vn 0.6970 0.6108 -0.3757
vn 0.5101 0.7598 -0.4030
vn 0.5802 0.3906 -0.7147
vn 0.3821 0.5486 -0.7437
vn 0.3790 -0.2517 -0.8905
vn -0.1635 0.1810 -0.9698
vn 0.7738 0.1891 -0.6045
vn 0.1288 0.7036 -0.6988
vn 0.7401 0.6566 0.1452
vn 0.4534 0.8853 0.1033
vn 0.9491 0.1631 -0.2693
vn 0.0084 0.9135 -0.4068
vn 0.8592 -0.1477 -0.4898
vn -0.2333 0.7237 -0.6495
vn 0.4116 -0.6745 -0.6129
vn -0.6260 0.1532 -0.7646
vn 0.3949 -0.4503 -0.8008
vn -0.3737 0.1627 -0.9131
vn 0.8568 -0.0566 -0.5126
vn -0.1411 0.7393 -0.6584
vn 0.9788 0.0307 -0.2027
vn -0.1369 0.9206 -0.3657
vn 0.9585 0.0602 0.2786
vn -0.1892 0.9757 0.1108
vn 0.7290 0.2434 -0.6398
vn 0.1965 0.6681 -0.7176
vn 0.7322 0.6079 0.3072
vn 0.3796 0.8891 0.2557
vn -0.3739 -0.3484 -0.8595
vn -0.1064 -0.5617 -0.8204
vn 0.6597 0.7176 -0.2234
vn 0.5937 0.7702 -0.2330
vn 0.2712 0.7182 0.6408
vn 0.5222 0.5180 0.6775
vn 0.8840 -0.4663 0.0316
vn -0.6370 0.7469 -0.1907
vn 0.8798 -0.3710 0.2970
vn -0.5912 0.8023 0.0820
vn 0.8457 -0.5308 -0.0552
vn -0.6758 0.6829 -0.2775
vn 0.7566 -0.6539 0.0093
vn -0.7872 0.5775 -0.2164
vn 0.1814 -0.8224 0.5393
vn -0.9240 0.0593 0.3777
vn -0.1950 -0.7239 0.6618
vn -0.7731 -0.2628 0.5773
vn -0.0597 -0.6580 0.7506
vn -0.7533 -0.1048 0.6492
vn 0.1263 -0.6901 0.7126
vn -0.8160 0.0615 0.5748
vn 0.2909 -0.6976 0.6547
vn -0.8470 0.2100 0.4884
vn 0.2162 0.0242 0.9760
vn -0.1935 0.3510 0.9162
vn 0.0237 -0.9343 -0.3558
vn -0.8413 -0.2443 -0.4822
vn -0.0152 -0.9048 -0.4255
vn -0.7926 -0.2848 -0.5391
vn -0.3486 -0.9134 0.2100
vn -0.8441 -0.5182 0.1376
vn 0.1236 -0.9629 0.2398
vn -0.9945 -0.0711 0.0764
vn -0.0842 -0.9582 -0.2734
vn -0.8566 -0.3421 -0.3863
vn 0.7425 0.4551 0.4915
vn 0.1979 0.8895 0.4119
vn 0.7147 0.2768 0.6423
vn 0.0055 0.8425 0.5387
vn 0.5508 0.4072 0.7285
vn 0.1497 0.7272 0.6699
vn 0.4403 0.3101 0.8426
vn 0.0589 0.6143 0.7869
vn 0.5963 0.1429 0.7899
vn -0.1249 0.7182 0.6845
vn 0.5348 -0.1831 0.8249
vn -0.4322 0.5882 0.6836
vn 0.8963 0.4222 0.1357
vn 0.1972 0.9798 0.0335
vn 0.3997 0.9060 -0.1391
vn 0.8139 0.5756 -0.0785
vn -0.3616 0.9158 0.1748
vn 0.9253 -0.1106 0.3628
vn -0.3695 0.5248 0.7669
vn 0.4461 -0.1258 0.8861
vn 0.2497 -0.2493 0.9357
vn -0.4566 0.3140 0.8324
vn 0.4642 -0.4027 0.7889
vn -0.6226 0.4642 0.6300
vn 0.1500 -0.9039 0.4005
vn -0.9716 -0.0093 0.2365
vn 0.2942 0.7798 0.5525
vn 0.5923 0.5421 0.5961
vn 0.4346 -0.8857 0.1633
vn -0.9710 0.2354 -0.0421
vn 0.4647 0.5437 0.6989
vn 0.3040 0.6719 0.6754
vn 0.6866 0.6762 -0.2671
vn 0.5560 0.7804 -0.2861
vn 0.6829 -0.0507 0.7287
vn -0.3184 0.7480 0.5824
vn 0.8297 0.4134 0.3751
vn 0.1603 0.9473 0.2773
vn 0.4618 -0.5974 0.6556
vn -0.7859 0.3979 0.4733
vn 0.4370 -0.2308 0.8693
vn -0.4657 0.4892 0.7374
vn 0.4291 -0.2573 0.8658
vn -0.4890 0.4750 0.7316
vn 0.6451 -0.7444 0.1723
vn -0.8801 0.4721 -0.0506
vn 0.4528 -0.8567 0.2470
vn -0.9616 0.2714 0.0403
vn 0.7425 -0.6666 0.0665
vn -0.8066 0.5690 -0.1599
vn 0.2657 -0.7325 0.6268
vn -0.8704 0.1736 0.4607
vn 0.3084 -0.7847 0.5377
vn -0.9137 0.1901 0.3591
vn 0.1937 -0.7821 0.5923
vn -0.8972 0.0880 0.4328
vn 0.6688 0.4303 -0.6062
vn 0.3829 0.6584 -0.6480
vn 0.9475 -0.3197 0.0108
vn -0.5053 0.8391 -0.2015
vn 0.1204 -0.8162 0.5651
vn -0.9100 0.0058 0.4145
vn 0.5666 0.6259 -0.5359
vn 0.5799 0.6154 -0.5339
vn 0.1970 -0.6207 0.7589
vn -0.7719 0.1521 0.6173
vn -0.1709 -0.4998 0.8491
vn -0.5955 -0.1612 0.7870
vn -0.9939 0.1044 0.0344
vn 0.2997 -0.9275 0.2235
vn -0.6681 0.3926 -0.6321
vn 0.6273 -0.6406 -0.4427
vn -0.0836 0.6733 -0.7346
vn 0.7948 -0.0274 -0.6062
vn 0.5264 0.6498 -0.5483
vn 0.6133 0.5805 -0.5356
vn 0.4254 0.4445 0.7883
vn 0.2009 0.6235 0.7555
vn 0.5766 0.3312 0.7469
vn 0.0679 0.7370 0.6725
vn 0.5444 0.3200 0.7754
vn 0.0587 0.7074 0.7044
vn 0.4474 0.4288 0.7848
vn 0.1818 0.6406 0.7460
vn 0.6995 0.4201 0.5781
vn 0.1579 0.8521 0.4989
vn 0.5707 0.2141 0.7928
vn -0.0516 0.7105 0.7018
vn 0.4599 0.3136 0.8308
vn 0.0603 0.6323 0.7724
vn 0.3471 0.4800 0.8057
vn 0.2482 0.5589 0.7912
vn 0.2913 0.9564 0.0223
vn 0.8563 0.5057 0.1049
vn 0.7448 0.0391 0.6662
vn -0.2337 0.8196 0.5232
vn 0.5020 0.0656 0.8624
vn -0.1927 0.6197 0.7608
vn 0.5298 0.0010 0.8481
vn -0.2581 0.6294 0.7330
vn 0.7990 0.2530 0.5455
vn -0.0178 0.9045 0.4261
vn 0.7820 0.5524 0.2887
vn 0.3191 0.9216 0.2211
vn -0.4996 -0.6776 0.5397
vn -0.6441 -0.5623 0.5186
vn -0.0862 -0.8097 0.5804
vn -0.8638 -0.1895 0.4668
vn 0.6670 -0.5758 0.4727
vn -0.7753 0.5747 0.2619
vn 0.9395 -0.2242 -0.2588
vn -0.3642 0.8157 -0.4494
vn 0.2550 0.5547 -0.7920
vn 0.6209 0.2629 -0.7385
vn 0.0989 0.7254 -0.6812
vn 0.7978 0.1679 -0.5791
vn -0.6798 -0.1160 -0.7241
vn 0.1565 -0.7831 -0.6019
vn -0.4601 -0.4126 -0.7862
vn -0.1634 -0.6493 -0.7428
vn 0.0509 -0.7167 -0.6955
vn -0.5776 -0.2153 -0.7874
vn -0.2576 0.8574 -0.4455
vn 0.9570 -0.1114 -0.2680
vn 0.0602 -0.8852 -0.4614
vn -0.7830 -0.2126 -0.5846
vn -0.7909 -0.5391 0.2897
vn -0.4065 -0.8456 0.3459
vt 0.843250 0.588863
vt 0.833697 0.611927
vt 0.794218 0.611927
vt 0.815334 0.560948
vt 0.866314 0.937441
vt 0.866314 0.897962
vt 0.889378 0.888409
vt 0.917293 0.916324
vt 0.746541 0.611927
vt 0.781622 0.527235
vt 0.866314 0.985118
vt 0.951006 0.950037
vt 0.815334 0.662907
vt 0.781622 0.696619
vt 0.781622 0.950037
vt 0.815334 0.916325
vt 0.843250 0.634991
vt 0.843250 0.888409
vt 0.866314 0.644544
vt 0.866314 0.684023
vt 0.794218 0.865345
vt 0.833697 0.865345
vt 0.866314 0.731700
vt 0.746541 0.865345
vt 0.917293 0.662907
vt 0.951006 0.696619
vt 0.781622 0.780653
vt 0.815334 0.814366
vt 0.889378 0.634991
vt 0.843250 0.842281
vt 0.898931 0.611927
vt 0.938410 0.611927
vt 0.866314 0.793249
vt 0.866314 0.832728
vt 0.986087 0.611927
vt 0.866314 0.745572
vt 0.917294 0.560947
vt 0.951006 0.527235
vt 0.951006 0.780653
vt 0.917294 0.814365
vt 0.889378 0.588863
vt 0.889378 0.842281
vt 0.866314 0.579310
vt 0.866314 0.539831
vt 0.938410 0.865345
vt 0.898931 0.865345
vt 0.866314 0.492154
vt 0.986087 0.865345
vt 0.866314 0.585461
vt 0.847600 0.593213
vt 0.892780 0.865345
vt 0.885028 0.884059
vt 0.885028 0.593213
vt 0.885028 0.846631
vt 0.892780 0.611927
vt 0.866314 0.838879
vt 0.885028 0.630641
vt 0.847600 0.846631
vt 0.866314 0.638393
vt 0.839848 0.865345
vt 0.847600 0.630641
vt 0.847600 0.884059
vt 0.839848 0.611927
vt 0.866314 0.891811
vt 0.866314 0.611927
vt 0.866314 0.865345
vt 0.520711 0.060503
vt 0.517028 0.068490
vt 0.500000 0.064527
vt 0.500000 0.054411
vt 0.482972 0.068490
vt 0.479289 0.060503
vt 0.530457 0.065062
vt 0.522612 0.070678
vt 0.477388 0.070678
vt 0.469543 0.065062
vt 0.532878 0.067822
vt 0.526301 0.079422
vt 0.473699 0.079422
vt 0.467122 0.067822
vt 0.544695 0.083023
vt 0.529228 0.091098
vt 0.470772 0.091098
vt 0.455305 0.083023
vt 0.565647 0.115495
vt 0.537536 0.127779
vt 0.462464 0.127779
vt 0.434353 0.115495
vt 0.586916 0.172042
vt 0.626605 0.208159
vt 0.600470 0.238288
vt 0.535885 0.215568
vt 0.399530 0.238288
vt 0.373395 0.208159
vt 0.413084 0.172042
vt 0.464115 0.215568
vt 0.650908 0.240294
vt 0.636962 0.261221
vt 0.363038 0.261221
vt 0.349092 0.240294
vt 0.689501 0.268805
vt 0.655896 0.284413
vt 0.344104 0.284413
vt 0.310499 0.268805
vt 0.684517 0.317795
vt 0.659507 0.313152
vt 0.340493 0.313152
vt 0.315483 0.317795
vt 0.671357 0.334694
vt 0.649107 0.322437
vt 0.350893 0.322437
vt 0.328643 0.334694
vt 0.636775 0.370732
vt 0.613636 0.353108
vt 0.386364 0.353108
vt 0.363225 0.370732
vt 0.602261 0.395588
vt 0.594178 0.371277
vt 0.405822 0.371277
vt 0.397739 0.395588
vt 0.581044 0.398468
vt 0.577351 0.373341
vt 0.422649 0.373341
vt 0.418956 0.398468
vt 0.532016 0.387365
vt 0.539817 0.354339
vt 0.460183 0.354339
vt 0.467984 0.387365
vt 0.500000 0.382860
vt 0.500000 0.340417
vt 0.559135 0.334326
vt 0.579057 0.335646
vt 0.420943 0.335646
vt 0.440865 0.334326
vt 0.592090 0.332885
vt 0.407910 0.332885
vt 0.606163 0.325516
vt 0.393837 0.325516
vt 0.628251 0.311636
vt 0.371749 0.311636
vt 0.635551 0.300507
vt 0.364449 0.300507
vt 0.631484 0.283889
vt 0.368516 0.283889
vt 0.611331 0.264411
vt 0.388669 0.264411
vt 0.592372 0.254897
vt 0.407628 0.254897
vt 0.559669 0.267717
vt 0.440331 0.267717
vt 0.550878 0.277832
vt 0.500000 0.252445
vt 0.449122 0.277832
vt 0.544001 0.314523
vt 0.455999 0.314523
vt 0.500000 0.295691
vt 0.543637 0.293371
vt 0.456363 0.293371
vt 0.506819 0.075382
vt 0.500000 0.073497
vt 0.493181 0.075382
vt 0.511782 0.080633
vt 0.488218 0.080633
vt 0.512172 0.093457
vt 0.487828 0.093457
vt 0.514257 0.133422
vt 0.513874 0.097191
vt 0.486126 0.097191
vt 0.485743 0.133422
vt 0.520226 0.164615
vt 0.500000 0.157864
vt 0.500000 0.134352
vt 0.479774 0.164615
vt 0.500000 0.100063
vt 0.500000 0.091346
vt 0.530258 0.180239
vt 0.521901 0.181560
vt 0.517666 0.172353
vt 0.482334 0.172353
vt 0.478099 0.181560
vt 0.469742 0.180239
vt 0.523673 0.198817
vt 0.518957 0.194728
vt 0.481043 0.194728
vt 0.476327 0.198817
vt 0.500000 0.203867
vt 0.508211 0.197295
vt 0.491789 0.197295
vt 0.500000 0.197278
vt 0.500000 0.192167
vt 0.500000 0.165170
vt 0.513538 0.176949
vt 0.500000 0.171718
vt 0.486462 0.176949
vt 0.500000 0.186182
vt 0.508818 0.192407
vt 0.491182 0.192407
vt 0.515232 0.190709
vt 0.484768 0.190709
vt 0.516908 0.181873
vt 0.483092 0.181873
vt 0.544209 0.172814
vt 0.455791 0.172814
vt 0.541327 0.154899
vt 0.458673 0.154899
vt 0.578661 0.139176
vt 0.421339 0.139176
vt 0.583245 0.154155
vt 0.416755 0.154155
vt 0.500000 0.089977
vt 0.509911 0.090724
vt 0.490089 0.090724
vt 0.509713 0.082236
vt 0.490287 0.082236
vt 0.505196 0.077083
vt 0.494804 0.077083
vt 0.500000 0.075473
vt 0.503445 0.080840
vt 0.500000 0.080320
vt 0.496555 0.080840
vt 0.506660 0.083289
vt 0.493340 0.083289
vt 0.506822 0.086791
vt 0.493178 0.086791
vt 0.500000 0.085637
vt 0.562361 0.284338
vt 0.559190 0.294882
vt 0.437639 0.284338
vt 0.440810 0.294882
vt 0.563180 0.307151
vt 0.436820 0.307151
vt 0.570458 0.318697
vt 0.429542 0.318697
vt 0.569243 0.278245
vt 0.430757 0.278245
vt 0.589914 0.271772
vt 0.410086 0.271772
vt 0.602190 0.277180
vt 0.397810 0.277180
vt 0.617110 0.287175
vt 0.382890 0.287175
vt 0.618074 0.299197
vt 0.381926 0.299197
vt 0.615871 0.307438
vt 0.384129 0.307438
vt 0.598424 0.313725
vt 0.401576 0.313725
vt 0.590828 0.319797
vt 0.409172 0.319797
vt 0.582130 0.320991
vt 0.417870 0.320991
vt 0.578615 0.309394
vt 0.583998 0.312892
vt 0.421385 0.309394
vt 0.416002 0.312892
vt 0.589656 0.312336
vt 0.410344 0.312336
vt 0.596347 0.309249
vt 0.403653 0.309249
vt 0.606014 0.302517
vt 0.393986 0.302517
vt 0.607735 0.297520
vt 0.392265 0.297520
vt 0.606985 0.291216
vt 0.393015 0.291216
vt 0.598275 0.283083
vt 0.401725 0.283083
vt 0.589866 0.280167
vt 0.410134 0.280167
vt 0.576352 0.284624
vt 0.423648 0.284624
vt 0.572831 0.289915
vt 0.427169 0.289915
vt 0.573307 0.303342
vt 0.426693 0.303342
vt 0.572447 0.295716
vt 0.427553 0.295716
vt 0.529647 0.428636
vt 0.500000 0.428636
vt 0.470353 0.428636
vt 0.584616 0.428636
vt 0.415384 0.428636
vt 0.622301 0.417889
vt 0.377699 0.417889
vt 0.666214 0.388954
vt 0.333786 0.388954
vt 0.701481 0.344467
vt 0.298519 0.344467
vt 0.712163 0.315527
vt 0.287837 0.315527
vt 0.704305 0.260225
vt 0.295695 0.260225
vt 0.672947 0.224880
vt 0.327053 0.224880
vt 0.640497 0.198841
vt 0.359503 0.198841
vt 0.603553 0.023452
vt 0.625128 0.029461
vt 0.635753 0.082198
vt 0.598617 0.056841
vt 0.364247 0.082198
vt 0.374872 0.029461
vt 0.396447 0.023452
vt 0.401383 0.056841
vt 0.546781 0.009442
vt 0.556354 0.040906
vt 0.453219 0.009442
vt 0.443646 0.040906
vt 0.500000 0.033223
vt 0.527159 0.049514
vt 0.472841 0.049514
vt 0.537222 0.060794
vt 0.462778 0.060794
vt 0.558499 0.065137
vt 0.441501 0.065137
vt 0.588127 0.085177
vt 0.411873 0.085177
vt 0.607239 0.113940
vt 0.392761 0.113940
vt 0.612663 0.133675
vt 0.605467 0.151503
vt 0.394533 0.151503
vt 0.387337 0.133675
vt 0.600708 0.162985
vt 0.399292 0.162985
vt 0.922374 0.064228
vt 0.859647 0.117994
vt 0.823287 0.101559
vt 0.861342 0.027230
vt 0.176713 0.101559
vt 0.140353 0.117994
vt 0.077626 0.064228
vt 0.138658 0.027230
vt 0.765863 0.087001
vt 0.774604 0.010837
vt 0.234137 0.087001
vt 0.225396 0.010837
vt 0.661952 0.087561
vt 0.647010 0.028716
vt 0.338048 0.087561
vt 0.352990 0.028716
vt 0.743592 0.198572
vt 0.766410 0.233065
vt 0.256408 0.198572
vt 0.233590 0.233065
vt 0.987633 0.154243
vt 0.889478 0.177602
vt 0.110522 0.177602
vt 0.012367 0.154243
vt 0.899807 0.420886
vt 0.844317 0.347370
vt 0.881169 0.309153
vt 0.958963 0.357385
vt 0.118831 0.309153
vt 0.155683 0.347370
vt 0.100193 0.420886
vt 0.041037 0.357385
vt 0.903302 0.261367
vt 0.999860 0.253531
vt 0.096698 0.261367
vt 0.000140 0.253531
vt 0.724763 0.340212
vt 0.744725 0.304629
vt 0.766113 0.319494
vt 0.255275 0.304629
vt 0.275237 0.340212
vt 0.233887 0.319494
vt 0.793427 0.280495
vt 0.826663 0.297810
vt 0.206573 0.280495
vt 0.173337 0.297810
vt 0.823620 0.254612
vt 0.855331 0.267956
vt 0.176380 0.254612
vt 0.144669 0.267956
vt 0.835860 0.225225
vt 0.868309 0.233525
vt 0.164140 0.225225
vt 0.131691 0.233525
vt 0.813499 0.190705
vt 0.851288 0.181145
vt 0.148712 0.181145
vt 0.186501 0.190705
vt 0.772263 0.374010
vt 0.227737 0.374010
vt 0.744519 0.390057
vt 0.255481 0.390057
vt 0.824765 0.470987
vt 0.175235 0.470987
vt 0.792141 0.464714
vt 0.742181 0.461543
vt 0.726855 0.432574
vt 0.273145 0.432574
vt 0.257819 0.461543
vt 0.207859 0.464714
vt 0.795638 0.489991
vt 0.204362 0.489991
vt 0.786137 0.227788
vt 0.213863 0.227788
vt 0.802950 0.203415
vt 0.197050 0.203415
vt 0.769334 0.128771
vt 0.691484 0.146686
vt 0.230666 0.128771
vt 0.308516 0.146686
vt 0.780113 0.169386
vt 0.219887 0.169386
vt 0.803789 0.171181
vt 0.830917 0.139518
vt 0.169083 0.139518
vt 0.196211 0.171181
vt 0.574628 0.959188
vt 0.464516 0.959188
vt 0.477326 0.891852
vt 0.545439 0.884582
vt 0.272900 0.891852
vt 0.285710 0.959188
vt 0.175598 0.959188
vt 0.204787 0.884582
vt 0.605134 0.846978
vt 0.715894 0.897069
vt 0.145092 0.846978
vt 0.034332 0.897069
vt 0.605360 0.784410
vt 0.683874 0.757011
vt 0.144866 0.784410
vt 0.066352 0.757011
vt 0.574835 0.744212
vt 0.617867 0.719156
vt 0.175391 0.744212
vt 0.132359 0.719156
vt 0.534996 0.712528
vt 0.568728 0.682132
vt 0.215230 0.712528
vt 0.181498 0.682132
vt 0.483006 0.686791
vt 0.508539 0.641024
vt 0.267220 0.686791
vt 0.241687 0.641024
vt 0.513415 0.736977
vt 0.478880 0.719593
vt 0.271346 0.719593
vt 0.236811 0.736977
vt 0.541117 0.760754
vt 0.209109 0.760754
vt 0.557599 0.789442
vt 0.192627 0.789442
vt 0.553841 0.821849
vt 0.196385 0.821849
vt 0.524671 0.842380
vt 0.225555 0.842380
vt 0.485193 0.845321
vt 0.265033 0.845321
vt 0.786150 0.181127
vt 0.770208 0.191225
vt 0.213850 0.181127
vt 0.229792 0.191225
vt 0.408153 0.587507
vt 0.409610 0.674022
vt 0.342073 0.587507
vt 0.340616 0.674022
vt 0.400301 0.910556
vt 0.414155 0.878318
vt 0.336071 0.878318
vt 0.349925 0.910556
vt 0.443630 0.713731
vt 0.306596 0.713731
vt 0.429725 0.728622
vt 0.392812 0.710774
vt 0.357414 0.710774
vt 0.320501 0.728622
vt 0.422979 0.754609
vt 0.432640 0.746527
vt 0.327247 0.754609
vt 0.317586 0.746527
vt 0.427719 0.796173
vt 0.391578 0.815187
vt 0.358648 0.815187
vt 0.322507 0.796173
vt 0.448277 0.830976
vt 0.301949 0.830976
vt 0.797710 0.195652
vt 0.802580 0.199758
vt 0.197420 0.199758
vt 0.202290 0.195652
vt 0.789609 0.184671
vt 0.210391 0.184671
vt 0.466042 0.804091
vt 0.490498 0.816075
vt 0.284184 0.804091
vt 0.259728 0.816075
vt 0.448042 0.783921
vt 0.302184 0.783921
vt 0.438745 0.764960
vt 0.311481 0.764960
vt 0.445216 0.756351
vt 0.305010 0.756351
vt 0.449819 0.743458
vt 0.300407 0.743458
vt 0.456307 0.732687
vt 0.293919 0.732687
vt 0.475471 0.740871
vt 0.274755 0.740871
vt 0.514211 0.817769
vt 0.236015 0.817769
vt 0.527961 0.808598
vt 0.222265 0.808598
vt 0.530079 0.790754
vt 0.220147 0.790754
vt 0.518620 0.772385
vt 0.231606 0.772385
vt 0.498668 0.755033
vt 0.251558 0.755033
vt 0.468029 0.756171
vt 0.459660 0.770459
vt 0.282197 0.756171
vt 0.290566 0.770459
vt 0.487167 0.769899
vt 0.477354 0.785393
vt 0.263059 0.769899
vt 0.272872 0.785393
vt 0.504617 0.782999
vt 0.496545 0.797122
vt 0.245609 0.782999
vt 0.253681 0.797122
vt 0.516137 0.792591
vt 0.513713 0.804019
vt 0.234089 0.792591
vt 0.236513 0.804019
vt 0.574269 0.607668
vt 0.613510 0.655816
vt 0.175957 0.607668
vt 0.136716 0.655816
vt 0.644031 0.693270
vt 0.106195 0.693270
vt 0.668163 0.712097
vt 0.082063 0.712097
vt 0.727131 0.698475
vt 0.676584 0.686010
vt 0.023095 0.698475
vt 0.073642 0.686010
vt 0.729804 0.624370
vt 0.667013 0.640198
vt 0.020422 0.624370
vt 0.083213 0.640198
vt 0.721292 0.572934
vt 0.648152 0.594596
vt 0.028934 0.572934
vt 0.102074 0.594596
vt 0.630034 0.557583
vt 0.717709 0.538143
vt 0.032517 0.538143
vt 0.120192 0.557583
vt 0.526877 0.539235
vt 0.223349 0.539235
s 0
usemtl Material.004
f 600/623/581 554/624/581 556/625/581 598/626/581
f 557/627/582 555/628/582 601/629/582 599/630/582
f 598/626/583 556/625/583 558/631/583 596/632/583
f 559/633/584 557/627/584 599/630/584 597/634/584
f 556/625/585 562/635/585 560/636/585 558/631/585
f 561/637/586 563/638/586 557/627/586 559/633/586
f 554/624/587 564/639/587 562/635/587 556/625/587
f 563/638/588 565/640/588 555/628/588 557/627/588
f 564/639/589 566/641/589 568/642/589 562/635/589
f 569/643/590 567/644/590 565/640/590 563/638/590
f 562/635/591 568/642/591 570/645/591 560/636/591
f 571/646/592 569/643/592 563/638/592 561/637/592
f 568/642/593 574/647/593 572/648/593 570/645/593
f 573/649/594 575/650/594 569/643/594 571/646/594
f 566/641/595 576/651/595 574/647/595 568/642/595
f 575/650/596 577/652/596 567/644/596 569/643/596
f 576/651/597 578/653/597 580/654/597 574/647/597
f 581/655/598 579/656/598 577/652/598 575/650/598
f 574/647/599 580/654/599 582/657/599 572/648/599
f 583/658/600 581/655/600 575/650/600 573/649/600
f 580/654/601 586/659/601 584/660/601 582/657/601
f 585/661/602 587/662/602 581/655/602 583/658/602
f 578/653/603 588/663/603 586/659/603 580/654/603
f 587/662/604 589/664/604 579/656/604 581/655/604
f 588/663/605 590/665/605 592/666/605 586/659/605
f 593/667/606 591/668/606 589/664/606 587/662/606
f 586/659/607 592/666/607 594/669/607 584/660/607
f 595/670/608 593/667/608 587/662/608 585/661/608
f 592/666/609 598/626/609 596/632/609 594/669/609
f 597/634/610 599/630/610 593/667/610 595/670/610
f 590/665/611 600/623/611 598/626/611 592/666/611
f 599/630/612 601/629/612 591/668/612 593/667/612
f 600/623/613 590/665/613 604/671/613 602/672/613
f 605/673/614 591/668/614 601/629/614 603/674/614
f 590/665/615 588/663/615 606/675/615 604/671/615
f 607/676/616 589/664/616 591/668/616 605/673/616
f 588/663/617 578/653/617 608/677/617 606/675/617
f 609/678/618 579/656/618 589/664/618 607/676/618
f 578/653/619 576/651/619 610/679/619 608/677/619
f 611/680/620 577/652/620 579/656/620 609/678/620
f 576/651/621 566/641/621 612/681/621 610/679/621
f 613/682/622 567/644/622 577/652/622 611/680/622
f 566/641/623 564/639/623 616/683/623 612/681/623
f 617/684/624 565/640/624 567/644/624 613/682/624
f 564/639/625 554/624/625 618/685/625 616/683/625
f 619/686/626 555/628/626 565/640/626 617/684/626
f 554/624/627 600/623/627 602/672/627 618/685/627
f 603/674/628 601/629/628 555/628/628 619/686/628
f 614/687/629 618/685/629 602/672/629
f 603/674/630 619/686/630 615/688/630
f 616/683/631 618/685/631 614/687/631
f 615/688/632 619/686/632 617/684/632
f 614/687/633 612/681/633 616/683/633
f 617/684/634 613/682/634 615/688/634
f 614/687/635 610/679/635 612/681/635
f 613/682/636 611/680/636 615/688/636
f 614/687/637 608/677/637 610/679/637
f 611/680/638 609/678/638 615/688/638
f 614/687/639 606/675/639 608/677/639
f 609/678/640 607/676/640 615/688/640
f 614/687/641 604/671/641 606/675/641
f 607/676/642 605/673/642 615/688/642
f 614/687/643 602/672/643 604/671/643
f 605/673/644 603/674/644 615/688/644
f 642/689/645 727/690/645 729/691/645 644/692/645
f 729/691/646 728/693/646 643/694/646 644/692/646
f 640/695/647 725/696/647 727/690/647 642/689/647
f 728/693/648 726/697/648 641/698/648 643/694/648
f 638/699/649 723/700/649 725/696/649 640/695/649
f 726/697/650 724/701/650 639/702/650 641/698/650
f 636/703/651 721/704/651 723/700/651 638/699/651
f 724/701/652 722/705/652 637/706/652 639/702/652
f 634/707/653 719/708/653 721/704/653 636/703/653
f 722/705/654 720/709/654 635/710/654 637/706/654
f 632/711/655 645/712/655 699/713/655 717/714/655
f 700/715/656 646/716/656 633/717/656 718/718/656
f 645/712/657 647/719/657 701/720/657 699/713/657
f 702/721/658 648/722/658 646/716/658 700/715/658
f 647/719/659 649/723/659 703/724/659 701/720/659
f 704/725/660 650/726/660 648/722/660 702/721/660
f 649/723/661 651/727/661 705/728/661 703/724/661
f 706/729/662 652/730/662 650/726/662 704/725/662
f 651/727/663 653/731/663 707/732/663 705/728/663
f 708/733/664 654/734/664 652/730/664 706/729/664
f 653/731/665 655/735/665 709/736/665 707/732/665
f 710/737/666 656/738/666 654/734/666 708/733/666
f 655/735/667 657/739/667 711/740/667 709/736/667
f 712/741/668 658/742/668 656/738/668 710/737/668
f 657/739/669 659/743/669 713/744/669 711/740/669
f 714/745/670 660/746/670 658/742/670 712/741/670
f 659/743/671 661/747/671 715/748/671 713/744/671
f 716/749/672 662/750/672 660/746/672 714/745/672
f 661/747/673 620/751/673 621/752/673 715/748/673
f 621/752/674 620/751/674 662/750/674 716/749/674
f 663/753/675 681/754/675 713/744/675 715/748/675
f 714/745/676 682/755/676 664/756/676 716/749/676
f 681/754/677 732/757/677 711/740/677 713/744/677
f 712/741/678 733/758/678 682/755/678 714/745/678
f 679/759/679 709/736/679 711/740/679 732/757/679
f 712/741/680 710/737/680 680/760/680 733/758/680
f 677/761/681 707/732/681 709/736/681 679/759/681
f 710/737/682 708/733/682 678/762/682 680/760/682
f 675/763/683 705/728/683 707/732/683 677/761/683
f 708/733/684 706/729/684 676/764/684 678/762/684
f 673/765/685 703/724/685 705/728/685 675/763/685
f 706/729/686 704/725/686 674/766/686 676/764/686
f 671/767/687 701/720/687 703/724/687 673/765/687
f 704/725/688 702/721/688 672/768/688 674/766/688
f 669/769/689 699/713/689 701/720/689 671/767/689
f 702/721/690 700/715/690 670/770/690 672/768/690
f 667/771/691 717/714/691 699/713/691 669/769/691
f 700/715/692 718/718/692 668/772/692 670/770/692
f 667/771/693 734/773/693 730/774/693 717/714/693
f 730/774/694 735/775/694 668/772/694 718/718/694
f 663/753/695 715/748/695 621/752/695 665/776/695
f 621/752/696 716/749/696 664/756/696 666/777/696
f 665/776/697 621/752/697 731/778/697 736/779/697
f 731/778/698 621/752/698 666/777/698 737/780/698
f 730/774/699 734/773/699 736/779/699 731/778/699
f 737/780/700 735/775/700 730/774/700 731/778/700
f 688/781/701 690/782/701 729/691/701 727/690/701
f 729/691/702 690/782/702 689/783/702 728/693/702
f 686/784/703 688/781/703 727/690/703 725/696/703
f 728/693/704 689/783/704 687/785/704 726/697/704
f 684/786/705 686/784/705 725/696/705 723/700/705
f 726/697/706 687/785/706 685/787/706 724/701/706
f 719/708/707 740/788/707 738/789/707 721/704/707
f 739/790/708 741/791/708 720/709/708 722/705/708
f 684/786/709 723/700/709 721/704/709 738/789/709
f 722/705/710 724/701/710 685/787/710 739/790/710
f 697/792/711 743/793/711 742/794/711 740/788/711
f 742/794/712 743/793/712 698/795/712 741/791/712
f 738/789/713 740/788/713 742/794/713 622/796/713
f 742/794/714 741/791/714 739/790/714 622/796/714
f 683/797/715 684/786/715 738/789/715 622/796/715
f 739/790/715 685/787/715 683/797/715 622/796/715
f 695/798/716 746/799/716 744/800/716 697/792/716
f 745/801/717 747/802/717 696/803/717 698/795/717
f 693/804/718 748/805/718 746/799/718 695/798/718
f 747/802/719 749/806/719 694/807/719 696/803/719
f 692/808/720 750/809/720 748/805/720 693/804/720
f 749/806/721 751/810/721 692/808/721 694/807/721
f 691/811/722 624/812/722 750/809/722 692/808/722
f 751/810/723 624/812/723 691/811/723 692/808/723
f 743/793/724 697/792/724 744/800/724 623/813/724
f 745/801/725 698/795/725 743/793/725 623/813/725
f 623/813/726 744/800/726 759/814/726 761/815/726
f 760/816/727 745/801/727 623/813/727 761/815/727
f 624/812/728 752/817/728 753/818/728 750/809/728
f 754/819/729 752/817/729 624/812/729 751/810/729
f 750/809/730 753/818/730 755/820/730 748/805/730
f 756/821/731 754/819/731 751/810/731 749/806/731
f 748/805/732 755/820/732 757/822/732 746/799/732
f 758/823/733 756/821/733 749/806/733 747/802/733
f 746/799/734 757/822/734 759/814/734 744/800/734
f 760/816/735 758/823/735 747/802/735 745/801/735
f 752/817/736 757/822/736 755/820/736 753/818/736
f 756/821/737 758/823/737 752/817/737 754/819/737
f 752/817/738 761/815/738 759/814/738 757/822/738
f 760/816/739 761/815/739 752/817/739 758/823/739
f 692/808/740 693/804/740 717/714/740 730/774/740
f 718/718/741 694/807/741 692/808/741 730/774/741
f 693/804/742 695/798/742 764/824/742 717/714/742
f 765/825/743 696/803/743 694/807/743 718/718/743
f 695/798/744 697/792/744 766/826/744 764/824/744
f 767/827/745 698/795/745 696/803/745 765/825/745
f 697/792/746 740/788/746 719/708/746 766/826/746
f 720/709/747 741/791/747 698/795/747 767/827/747
f 634/707/748 762/828/748 766/826/748 719/708/748
f 767/827/749 763/829/749 635/710/749 720/709/749
f 762/828/750 768/830/750 764/824/750 766/826/750
f 765/825/751 769/831/751 763/829/751 767/827/751
f 632/711/752 717/714/752 764/824/752 768/830/752
f 765/825/753 718/718/753 633/717/753 769/831/753
f 684/786/754 683/797/754 625/832/754 775/833/754
f 625/832/755 683/797/755 685/787/755 776/834/755
f 686/784/756 684/786/756 775/833/756 773/835/756
f 776/834/757 685/787/757 687/785/757 774/836/757
f 688/781/758 686/784/758 773/835/758 771/837/758
f 774/836/759 687/785/759 689/783/759 772/838/759
f 690/782/760 688/781/760 771/837/760 770/839/760
f 772/838/761 689/783/761 690/782/761 770/839/761
f 770/839/762 771/837/762 782/840/762 784/841/762
f 783/842/763 772/838/763 770/839/763 784/841/763
f 771/837/764 773/835/764 780/843/764 782/840/764
f 781/844/765 774/836/765 772/838/765 783/842/765
f 773/835/766 775/833/766 778/845/766 780/843/766
f 779/846/767 776/834/767 774/836/767 781/844/767
f 775/833/768 625/832/768 777/847/768 778/845/768
f 777/847/769 625/832/769 776/834/769 779/846/769
f 777/847/770 784/841/770 782/840/770 778/845/770
f 783/842/771 784/841/771 777/847/771 779/846/771
f 778/845/772 782/840/772 780/843/772
f 781/844/773 783/842/773 779/846/773
f 736/779/774 734/773/774 787/848/774 785/849/774
f 788/850/775 735/775/775 737/780/775 786/851/775
f 665/776/776 736/779/776 785/849/776 807/852/776
f 786/851/777 737/780/777 666/777/777 808/853/777
f 663/753/778 665/776/778 807/852/778 809/854/778
f 808/853/779 666/777/779 664/756/779 810/855/779
f 734/773/780 667/771/780 805/856/780 787/848/780
f 806/857/781 668/772/781 735/775/781 788/850/781
f 667/771/782 669/769/782 803/858/782 805/856/782
f 804/859/783 670/770/783 668/772/783 806/857/783
f 669/769/784 671/767/784 801/860/784 803/858/784
f 802/861/785 672/768/785 670/770/785 804/859/785
f 671/767/786 673/765/786 799/862/786 801/860/786
f 800/863/787 674/766/787 672/768/787 802/861/787
f 673/765/788 675/763/788 797/864/788 799/862/788
f 798/865/789 676/764/789 674/766/789 800/863/789
f 675/763/790 677/761/790 795/866/790 797/864/790
f 796/867/791 678/762/791 676/764/791 798/865/791
f 677/761/792 679/759/792 793/868/792 795/866/792
f 794/869/793 680/760/793 678/762/793 796/867/793
f 679/759/794 732/757/794 789/870/794 793/868/794
f 790/871/795 733/758/795 680/760/795 794/869/795
f 732/757/796 681/754/796 791/872/796 789/870/796
f 792/873/797 682/755/797 733/758/797 790/871/797
f 681/754/798 663/753/798 809/854/798 791/872/798
f 810/855/799 664/756/799 682/755/799 792/873/799
f 791/872/800 809/854/800 811/874/800 829/875/800
f 812/876/801 810/855/801 792/873/801 830/877/801
f 789/870/802 791/872/802 829/875/802 831/878/802
f 830/877/803 792/873/803 790/871/803 832/879/803
f 793/868/804 789/870/804 831/878/804 827/880/804
f 832/879/805 790/871/805 794/869/805 828/881/805
f 795/866/806 793/868/806 827/880/806 825/882/806
f 828/881/807 794/869/807 796/867/807 826/883/807
f 797/864/808 795/866/808 825/882/808 823/884/808
f 826/883/809 796/867/809 798/865/809 824/885/809
f 799/862/810 797/864/810 823/884/810 821/886/810
f 824/885/811 798/865/811 800/863/811 822/887/811
f 801/860/812 799/862/812 821/886/812 819/888/812
f 822/887/813 800/863/813 802/861/813 820/889/813
f 803/858/814 801/860/814 819/888/814 817/890/814
f 820/889/815 802/861/815 804/859/815 818/891/815
f 805/856/816 803/858/816 817/890/816 815/892/816
f 818/891/817 804/859/817 806/857/817 816/893/817
f 787/848/818 805/856/818 815/892/818 833/894/818
f 816/893/819 806/857/819 788/850/819 834/895/819
f 809/854/820 807/852/820 813/896/820 811/874/820
f 814/897/821 808/853/821 810/855/821 812/876/821
f 807/852/822 785/849/822 835/898/822 813/896/822
f 836/899/823 786/851/823 808/853/823 814/897/823
f 785/849/824 787/848/824 833/894/824 835/898/824
f 834/895/825 788/850/825 786/851/825 836/899/825
f 620/751/826 661/747/826 837/900/826 626/901/826
f 838/902/827 662/750/827 620/751/827 626/901/827
f 661/747/828 659/743/828 839/903/828 837/900/828
f 840/904/829 660/746/829 662/750/829 838/902/829
f 659/743/830 657/739/830 841/905/830 839/903/830
f 842/906/831 658/742/831 660/746/831 840/904/831
f 657/739/832 655/735/832 843/907/832 841/905/832
f 844/908/833 656/738/833 658/742/833 842/906/833
f 655/735/834 653/731/834 845/909/834 843/907/834
f 846/910/835 654/734/835 656/738/835 844/908/835
f 653/731/836 651/727/836 847/911/836 845/909/836
f 848/912/837 652/730/837 654/734/837 846/910/837
f 651/727/838 649/723/838 849/913/838 847/911/838
f 850/914/839 650/726/839 652/730/839 848/912/839
f 649/723/840 647/719/840 851/915/840 849/913/840
f 852/916/841 648/722/841 650/726/841 850/914/841
f 647/719/842 645/712/842 853/917/842 851/915/842
f 854/918/843 646/716/843 648/722/843 852/916/843
f 861/919/844 862/920/844 881/921/844 891/922/844
f 882/923/845 862/924/845 861/925/845 892/926/845
f 860/927/846 861/919/846 891/922/846 889/928/846
f 892/926/847 861/925/847 860/929/847 890/930/847
f 859/931/848 860/927/848 889/928/848 893/932/848
f 890/930/849 860/929/849 859/931/849 894/933/849
f 642/689/850 644/692/850 859/931/850 893/932/850
f 859/931/851 644/692/851 643/694/851 894/933/851
f 640/695/852 642/689/852 893/932/852 887/934/852
f 894/933/853 643/694/853 641/698/853 888/935/853
f 638/699/854 640/695/854 887/934/854 883/936/854
f 888/935/855 641/698/855 639/702/855 884/937/855
f 636/703/856 638/699/856 883/936/856 885/938/856
f 884/937/857 639/702/857 637/706/857 886/939/857
f 883/936/858 889/928/858 891/922/858 885/938/858
f 892/926/859 890/930/859 884/937/859 886/939/859
f 883/936/860 887/934/860 893/932/860 889/928/860
f 894/933/861 888/935/861 884/937/861 890/930/861
f 879/940/862 885/938/862 891/922/862 881/921/862
f 892/926/863 886/939/863 880/941/863 882/923/863
f 634/707/864 636/703/864 885/938/864 879/940/864
f 886/939/865 637/706/865 635/710/865 880/941/865
f 762/828/866 895/942/866 897/943/866 768/830/866
f 898/944/867 896/945/867 763/829/867 769/831/867
f 634/707/868 879/940/868 895/942/868 762/828/868
f 896/945/869 880/941/869 635/710/869 763/829/869
f 632/711/870 768/830/870 897/943/870 899/946/870
f 898/944/871 769/831/871 633/717/871 900/947/871
f 632/711/872 899/946/872 853/917/872 645/712/872
f 854/918/873 900/947/873 633/717/873 646/716/873
f 630/948/874 877/949/874 905/950/874 857/951/874
f 906/952/875 878/953/875 630/954/875 857/955/875
f 857/951/876 905/950/876 903/956/876 631/957/876
f 904/958/877 906/952/877 857/955/877 631/959/877
f 631/957/878 903/956/878 901/960/878 858/961/878
f 902/962/879 904/958/879 631/959/879 858/963/879
f 858/961/880 901/960/880 881/921/880 862/920/880
f 882/923/881 902/962/881 858/963/881 862/924/881
f 879/940/882 881/921/882 901/960/882 895/942/882
f 902/962/883 882/923/883 880/941/883 896/945/883
f 849/913/884 851/915/884 871/964/884 863/965/884
f 872/966/885 852/916/885 850/914/885 864/967/885
f 629/968/886 869/969/886 877/949/886 630/948/886
f 878/953/887 870/970/887 629/971/887 630/954/887
f 855/972/888 911/973/888 909/974/888 856/975/888
f 910/976/889 912/977/889 855/978/889 856/979/889
f 856/975/890 909/974/890 907/980/890 628/981/890
f 908/982/891 910/976/891 856/979/891 628/983/891
f 628/981/892 907/980/892 869/969/892 629/968/892
f 870/970/893 908/982/893 628/983/893 629/971/893
f 845/984/894 847/911/894 915/985/894 917/986/894
f 916/987/895 848/912/895 846/988/895 918/989/895
f 917/986/896 915/985/896 921/990/896 919/991/896
f 922/992/897 916/987/897 918/989/897 920/993/897
f 919/991/898 921/990/898 923/994/898 925/995/898
f 924/996/899 922/992/899 920/993/899 926/997/899
f 925/995/900 923/994/900 929/998/900 927/999/900
f 930/1000/901 924/996/901 926/997/901 928/1001/901
f 867/1002/902 931/1003/902 927/999/902 929/998/902
f 928/1001/903 932/1004/903 868/1005/903 930/1000/903
f 869/969/904 907/980/904 927/999/904 931/1003/904
f 928/1001/905 908/982/905 870/970/905 932/1004/905
f 907/980/906 909/974/906 925/995/906 927/999/906
f 926/997/907 910/976/907 908/982/907 928/1001/907
f 909/974/908 911/973/908 919/991/908 925/995/908
f 920/993/909 912/977/909 910/976/909 926/997/909
f 911/973/910 913/1006/910 917/986/910 919/991/910
f 918/989/911 914/1007/911 912/977/911 920/993/911
f 843/1008/912 845/984/912 917/986/912 913/1006/912
f 918/989/913 846/988/913 844/1009/913 914/1007/913
f 627/1010/914 913/1006/914 911/973/914 855/972/914
f 912/977/915 914/1007/915 627/1011/915 855/978/915
f 837/1012/916 839/1013/916 841/1014/916 843/1008/916
f 842/1015/917 840/1016/917 838/1017/917 844/1009/917
f 837/1012/918 843/1008/918 913/1006/918 627/1010/918
f 914/1007/919 844/1009/919 838/1017/919 627/1011/919
f 626/1018/920 837/1012/920 627/1010/920
f 627/1011/921 838/1017/921 626/1019/921
f 847/911/922 849/913/922 863/965/922 915/985/922
f 864/967/923 850/914/923 848/912/923 916/987/923
f 863/965/924 865/1020/924 921/990/924 915/985/924
f 922/992/925 866/1021/925 864/967/925 916/987/925
f 865/1020/926 935/1022/926 923/994/926 921/990/926
f 924/996/927 936/1023/927 866/1021/927 922/992/927
f 867/1002/928 929/998/928 923/994/928 935/1022/928
f 924/996/929 930/1000/929 868/1005/929 936/1023/929
f 901/960/930 903/956/930 939/1024/930 937/1025/930
f 940/1026/931 904/958/931 902/962/931 938/1027/931
f 871/964/932 937/1025/932 939/1024/932 873/1028/932
f 940/1026/933 938/1027/933 872/966/933 874/1029/933
f 851/915/934 853/917/934 937/1025/934 871/964/934
f 938/1027/935 854/918/935 852/916/935 872/966/935
f 853/917/936 897/943/936 895/942/936 937/1025/936
f 896/945/937 898/944/937 854/918/937 938/1027/937
f 895/942/938 901/960/938 937/1025/938
f 938/1027/939 902/962/939 896/945/939
f 853/917/940 899/946/940 897/943/940
f 898/944/941 900/947/941 854/918/941
f 867/1002/942 875/1030/942 933/1031/942 931/1003/942
f 934/1032/943 876/1033/943 868/1005/943 932/1004/943
f 869/969/944 931/1003/944 933/1031/944 877/949/944
f 934/1032/945 932/1004/945 870/970/945 878/953/945
f 873/1028/946 939/1024/946 933/1031/946 875/1030/946
f 934/1032/947 940/1026/947 874/1029/947 876/1033/947
f 903/956/948 905/950/948 933/1031/948 939/1024/948
f 934/1032/949 906/952/949 904/958/949 940/1026/949
f 877/949/950 933/1031/950 905/950/950
f 906/952/951 934/1032/951 878/953/951
f 953/1034/952 941/1035/952 967/1036/952 955/1037/952
f 968/1038/953 942/1039/953 954/1040/953 956/1041/953
f 953/1034/954 955/1037/954 957/1042/954 951/1043/954
f 958/1044/955 956/1041/955 954/1040/955 952/1045/955
f 951/1043/956 957/1042/956 959/1046/956 949/1047/956
f 960/1048/957 958/1044/957 952/1045/957 950/1049/957
f 949/1047/958 959/1046/958 961/1050/958 947/1051/958
f 962/1052/959 960/1048/959 950/1049/959 948/1053/959
f 947/1051/960 961/1050/960 963/1054/960 945/1055/960
f 964/1056/961 962/1052/961 948/1053/961 946/1057/961
f 945/1055/962 963/1054/962 965/1058/962 943/1059/962
f 966/1060/963 964/1056/963 946/1057/963 944/1061/963
f 963/1054/964 973/1062/964 971/1063/964 965/1058/964
f 972/1064/965 974/1065/965 964/1056/965 966/1060/965
f 961/1050/966 975/1066/966 973/1062/966 963/1054/966
f 974/1065/967 976/1067/967 962/1052/967 964/1056/967
f 959/1046/968 977/1068/968 975/1066/968 961/1050/968
f 976/1067/969 978/1069/969 960/1048/969 962/1052/969
f 957/1042/970 979/1070/970 977/1068/970 959/1046/970
f 978/1069/971 980/1071/971 958/1044/971 960/1048/971
f 955/1037/972 981/1072/972 979/1070/972 957/1042/972
f 980/1071/973 982/1073/973 956/1041/973 958/1044/973
f 955/1037/974 967/1036/974 969/1074/974 981/1072/974
f 970/1075/975 968/1038/975 956/1041/975 982/1073/975
f 871/964/976 873/1028/976 997/1076/976 995/1077/976
f 998/1078/977 874/1029/977 872/966/977 996/1079/977
f 873/1080/978 943/1059/978 965/1058/978 997/1081/978
f 966/1060/979 944/1061/979 874/1082/979 998/1083/979
f 863/965/980 871/964/980 995/1077/980 865/1020/980
f 996/1079/981 872/966/981 864/967/981 866/1021/981
f 935/1084/982 983/1085/982 967/1036/982 941/1035/982
f 968/1038/983 984/1086/983 936/1087/983 942/1039/983
f 965/1058/984 971/1063/984 993/1088/984 997/1081/984
f 994/1089/985 972/1064/985 966/1060/985 998/1083/985
f 991/1090/986 999/1091/986 997/1081/986 993/1088/986
f 998/1083/987 1000/1092/987 992/1093/987 994/1089/987
f 987/1094/988 999/1091/988 991/1090/988 989/1095/988
f 992/1093/989 1000/1092/989 988/1096/989 990/1097/989
f 985/1098/990 1001/1099/990 999/1091/990 987/1094/990
f 1000/1092/991 1002/1100/991 986/1101/991 988/1096/991
f 983/1085/992 1001/1099/992 985/1098/992 1003/1102/992
f 986/1101/993 1002/1100/993 984/1086/993 1004/1103/993
f 967/1036/994 983/1085/994 1003/1102/994 969/1074/994
f 1004/1103/995 984/1086/995 968/1038/995 970/1075/995
f 865/1020/996 1001/1104/996 983/1105/996 935/1022/996
f 984/1106/997 1002/1107/997 866/1021/997 936/1023/997
f 865/1020/998 995/1077/998 999/1108/998 1001/1104/998
f 1000/1109/999 996/1079/999 866/1021/999 1002/1107/999
f 995/1077/1000 997/1076/1000 999/1108/1000
f 1000/1109/1001 998/1078/1001 996/1079/1001
f 969/1074/1002 1003/1102/1002 1005/1110/1002 1029/1111/1002
f 1006/1112/1003 1004/1103/1003 970/1075/1003 1030/1113/1003
f 1003/1102/1004 985/1098/1004 1015/1114/1004 1005/1110/1004
f 1016/1115/1005 986/1101/1005 1004/1103/1005 1006/1112/1005
f 985/1098/1006 987/1094/1006 1013/1116/1006 1015/1114/1006
f 1014/1117/1007 988/1096/1007 986/1101/1007 1016/1115/1007
f 987/1094/1008 989/1095/1008 1011/1118/1008 1013/1116/1008
f 1012/1119/1009 990/1097/1009 988/1096/1009 1014/1117/1009
f 989/1095/1010 991/1090/1010 1009/1120/1010 1011/1118/1010
f 1010/1121/1011 992/1093/1011 990/1097/1011 1012/1119/1011
f 991/1090/1012 993/1088/1012 1007/1122/1012 1009/1120/1012
f 1008/1123/1013 994/1089/1013 992/1093/1013 1010/1121/1013
f 993/1088/1014 971/1063/1014 1027/1124/1014 1007/1122/1014
f 1028/1125/1015 972/1064/1015 994/1089/1015 1008/1123/1015
f 981/1072/1016 969/1074/1016 1029/1111/1016 1017/1126/1016
f 1030/1113/1017 970/1075/1017 982/1073/1017 1018/1127/1017
f 979/1070/1018 981/1072/1018 1017/1126/1018 1019/1128/1018
f 1018/1127/1019 982/1073/1019 980/1071/1019 1020/1129/1019
f 977/1068/1020 979/1070/1020 1019/1128/1020 1021/1130/1020
f 1020/1129/1021 980/1071/1021 978/1069/1021 1022/1131/1021
f 975/1066/1022 977/1068/1022 1021/1130/1022 1023/1132/1022
f 1022/1131/1023 978/1069/1023 976/1067/1023 1024/1133/1023
f 973/1062/1024 975/1066/1024 1023/1132/1024 1025/1134/1024
f 1024/1133/1025 976/1067/1025 974/1065/1025 1026/1135/1025
f 971/1063/1026 973/1062/1026 1025/1134/1026 1027/1124/1026
f 1026/1135/1027 974/1065/1027 972/1064/1027 1028/1125/1027
f 1011/1118/1028 1009/1120/1028 1033/1136/1028 1031/1137/1028
f 1034/1138/1029 1010/1121/1029 1012/1119/1029 1032/1139/1029
f 1031/1137/1030 1033/1136/1030 1035/1140/1030 1037/1141/1030
f 1036/1142/1031 1034/1138/1031 1032/1139/1031 1038/1143/1031
f 1037/1141/1032 1035/1140/1032 1041/1144/1032 1039/1145/1032
f 1042/1146/1033 1036/1142/1033 1038/1143/1033 1040/1147/1033
f 1039/1145/1034 1041/1144/1034 1043/1148/1034 1045/1149/1034
f 1044/1150/1035 1042/1146/1035 1040/1147/1035 1046/1151/1035
f 1017/1126/1036 1029/1111/1036 1039/1145/1036 1045/1149/1036
f 1040/1147/1037 1030/1113/1037 1018/1127/1037 1046/1151/1037
f 1005/1110/1038 1037/1141/1038 1039/1145/1038 1029/1111/1038
f 1040/1147/1039 1038/1143/1039 1006/1112/1039 1030/1113/1039
f 1005/1110/1040 1015/1114/1040 1031/1137/1040 1037/1141/1040
f 1032/1139/1041 1016/1115/1041 1006/1112/1041 1038/1143/1041
f 1011/1118/1042 1031/1137/1042 1015/1114/1042 1013/1116/1042
f 1016/1115/1043 1032/1139/1043 1012/1119/1043 1014/1117/1043
f 1007/1122/1044 1027/1124/1044 1033/1136/1044 1009/1120/1044
f 1034/1138/1045 1028/1125/1045 1008/1123/1045 1010/1121/1045
f 1025/1134/1046 1035/1140/1046 1033/1136/1046 1027/1124/1046
f 1034/1138/1047 1036/1142/1047 1026/1135/1047 1028/1125/1047
f 1023/1132/1048 1041/1144/1048 1035/1140/1048 1025/1134/1048
f 1036/1142/1049 1042/1146/1049 1024/1133/1049 1026/1135/1049
f 1021/1130/1050 1043/1148/1050 1041/1144/1050 1023/1132/1050
f 1042/1146/1051 1044/1150/1051 1022/1131/1051 1024/1133/1051
f 1019/1128/1052 1045/1149/1052 1043/1148/1052 1021/1130/1052
f 1044/1150/1053 1046/1151/1053 1020/1129/1053 1022/1131/1053
f 1017/1126/1054 1045/1149/1054 1019/1128/1054
f 1020/1129/1055 1046/1151/1055 1018/1127/1055
f 945/1055/1056 943/1059/1056 1057/1152/1056 1055/1153/1056
f 1058/1154/1057 944/1061/1057 946/1057/1057 1056/1155/1057
f 947/1051/1058 945/1055/1058 1055/1153/1058 1053/1156/1058
f 1056/1155/1059 946/1057/1059 948/1053/1059 1054/1157/1059
f 949/1047/1060 947/1051/1060 1053/1156/1060 1051/1158/1060
f 1054/1157/1061 948/1053/1061 950/1049/1061 1052/1159/1061
f 951/1160/1062 949/1047/1062 1051/1158/1062 1049/1161/1062
f 1052/1159/1063 950/1049/1063 952/1162/1063 1050/1163/1063
f 953/1164/1064 951/1160/1064 1049/1161/1064 1047/1165/1064
f 1050/1163/1065 952/1162/1065 954/1166/1065 1048/1167/1065
f 941/1168/1066 953/1164/1066 1047/1165/1066 1059/1169/1066
f 1048/1167/1067 954/1166/1067 942/1170/1067 1060/1171/1067
f 1047/1165/1068 1055/1153/1068 1057/1152/1068 1059/1169/1068
f 1058/1154/1069 1056/1155/1069 1048/1167/1069 1060/1171/1069
f 1047/1165/1070 1049/1161/1070 1053/1156/1070 1055/1153/1070
f 1054/1157/1071 1050/1163/1071 1048/1167/1071 1056/1155/1071
f 1049/1161/1072 1051/1158/1072 1053/1156/1072
f 1054/1157/1073 1052/1159/1073 1050/1163/1073
f 867/1172/1074 935/1173/1074 941/1168/1074 1059/1169/1074
f 942/1170/1075 936/1174/1075 868/1175/1075 1060/1171/1075
f 867/1172/1076 1059/1169/1076 1057/1152/1076 875/1176/1076
f 1058/1154/1077 1060/1171/1077 868/1175/1077 876/1177/1077
f 873/1080/1078 875/1176/1078 1057/1152/1078 943/1059/1078
f 1058/1154/1079 876/1177/1079 874/1082/1079 944/1061/1079
o Suzanne.002
v -2.345403 1.711024 0.479397
v -3.154526 1.382247 0.426007
v -2.258164 1.675315 0.401501
v -3.182876 1.299569 0.340483
v -2.196099 1.664907 0.293216
v -3.207502 1.253935 0.226478
v -2.348497 1.516468 0.315954
v -2.998685 1.252272 0.273051
v -2.372859 1.559499 0.420168
v -3.023047 1.295303 0.377265
v -2.413587 1.648713 0.488016
v -3.063775 1.384517 0.445113
v -2.498233 1.647074 0.500532
v -3.003934 1.441588 0.467162
v -2.534646 1.559733 0.437890
v -2.910311 1.407087 0.413101
v -2.559832 1.512947 0.339457
v -2.848804 1.395527 0.320389
v -2.703413 1.656226 0.352738
v -2.847899 1.597515 0.343204
v -2.648696 1.673373 0.442200
v -2.908771 1.567695 0.425038
v -2.556738 1.707503 0.502900
v -3.004645 1.525501 0.473345
v -2.560409 1.798633 0.509510
v -3.066111 1.593147 0.476141
v -2.647156 1.833982 0.454137
v -3.022820 1.681335 0.429348
v -2.704910 1.866583 0.360407
v -2.993882 1.749163 0.341339
v -2.552791 2.014446 0.345456
v -3.202979 1.750250 0.302553
v -2.532741 1.949221 0.443256
v -3.182929 1.685025 0.400353
v -2.499449 1.858008 0.500415
v -3.149638 1.593812 0.457512
v -2.407579 1.862582 0.488376
v -3.216702 1.533805 0.434986
v -2.370674 1.949563 0.417748
v -3.295386 1.573818 0.356730
v -2.341177 2.018543 0.314167
v -3.352581 1.607572 0.247428
v -2.194355 1.868624 0.292672
v -3.350245 1.398942 0.216400
v -2.256065 1.837075 0.397866
v -3.296366 1.414362 0.329221
v -2.345834 1.795513 0.477794
v -3.212751 1.443251 0.420589
v -2.339169 1.797296 0.493843
v -3.220535 1.439164 0.435685
v -2.403875 1.871583 0.504853
v -3.227447 1.536935 0.450509
v -2.506210 1.870714 0.524629
v -3.156398 1.606518 0.481726
v -2.571433 1.801186 0.532820
v -3.062686 1.601571 0.500404
v -2.572025 1.699904 0.525306
v -2.991035 1.529644 0.497657
v -2.503335 1.635193 0.522986
v -2.994588 1.435579 0.490570
v -2.456716 1.746296 0.540719
v -3.106904 1.482100 0.497816
v -2.408504 1.632551 0.510519
v -3.058693 1.368355 0.467616
v -2.335778 1.705590 0.495019
v -3.159349 1.370942 0.440675
v -2.849792 1.793744 0.443880
v -2.822981 1.715813 0.517467
v -2.429081 0.769496 0.375381
v -2.566956 1.098025 0.441766
v -2.617848 1.219563 0.464607
v -2.392993 0.684043 0.354678
v -2.835875 1.782461 0.302446
v -2.896932 1.936324 0.280280
v -2.981285 2.321813 -0.815191
v -2.843063 2.033944 -1.137239
v -2.657373 1.577540 -1.140816
v -2.502710 1.123812 -0.690655
v -2.421625 1.313167 0.243415
v -2.797289 1.160521 0.218626
v -2.226019 1.122742 0.244193
v -2.803964 0.887901 0.206057
v -2.092192 0.899256 0.232467
v -2.742380 0.635060 0.189564
v -2.002325 0.727580 0.183801
v -2.681410 0.451643 0.138991
v -2.017441 0.662959 0.170638
v -2.624284 0.416377 0.130595
v -2.146940 0.583229 0.191443
v -2.479258 0.448196 0.169514
v -2.308017 0.499550 0.202982
v -2.221541 1.446839 0.229136
v -3.030664 1.118062 0.175746
v -2.079703 1.613473 0.254398
v -3.250042 1.137920 0.177173
v -1.966797 1.866982 0.183143
v -3.498352 1.244654 0.082082
v -2.049803 2.127594 0.348380
v -3.639152 1.481782 0.243505
v -2.208909 2.120035 0.373460
v -3.523734 1.585772 0.286700
v -2.457839 2.141489 0.428815
v -3.368103 1.771615 0.368751
v -2.677668 2.217793 0.473596
v -3.270062 1.977081 0.434507
v -2.815414 2.118334 0.484807
v -3.104387 2.000913 0.465738
v -2.815964 1.874388 0.458901
v -2.931552 1.827420 0.451274
v -2.693279 1.838651 0.484181
v -2.996700 1.715360 0.464159
v -2.687670 1.723511 0.468025
v -2.918848 1.629575 0.452771
v -2.534646 1.559733 0.437890
v -2.910311 1.407087 0.413101
v -2.344705 1.555024 0.405171
v -3.038239 1.273215 0.359407
v -2.252986 1.644663 0.383742
v -3.163249 1.274789 0.323677
v -2.176706 1.811768 0.375328
v -3.332596 1.342086 0.299055
v -2.203708 1.918678 0.382267
v -3.388496 1.437254 0.304088
v -2.269997 1.975019 0.399732
v -3.382541 1.522950 0.326319
v -2.454576 1.964142 0.447168
v -3.249251 1.641236 0.394731
v -2.633977 1.922614 0.476845
v -3.096333 1.734741 0.446336
v -2.396513 0.690108 0.370678
v -2.313137 0.774508 0.379917
v -2.515418 0.692313 0.366570
v -2.260662 0.670915 0.350622
v -2.477391 0.582850 0.336321
v -2.292908 0.608216 0.329147
v -2.408497 0.561248 0.321520
v -2.347462 0.578091 0.317120
v -2.613209 1.215802 0.417462
v -2.633655 1.266898 0.412669
v -2.536778 1.297842 0.418438
v -2.724610 1.221519 0.406044
v -2.485777 1.233902 0.423379
v -2.716955 1.139966 0.408125
v -2.497933 1.162064 0.409789
v -2.656868 1.097483 0.399301
v -2.298227 1.508398 0.372035
v -3.035107 1.208976 0.323412
v -2.132758 1.687870 0.344224
v -3.274199 1.224060 0.268905
v -2.087033 1.867820 0.335663
v -3.430756 1.321815 0.246996
v -2.139680 2.028434 0.400526
v -3.512299 1.470687 0.309952
v -2.207572 2.038787 0.469403
v -3.479051 1.522137 0.385503
v -2.491600 2.062356 0.531493
v -3.300723 1.733579 0.478102
v -2.644117 2.099113 0.567927
v -3.222062 1.864272 0.529791
v -2.736935 2.035213 0.575543
v -3.112599 1.882566 0.550755
v -2.759512 1.824417 0.551298
v -2.947344 1.748094 0.538904
v -2.535387 1.344767 0.492510
v -2.766565 1.250831 0.477255
v -2.322009 1.066995 0.377720
v -2.712122 0.908477 0.351978
v -2.187343 0.845237 0.342636
v -2.649699 0.657364 0.312127
v -2.127643 0.744580 0.313817
v -2.618896 0.544965 0.281401
v -2.119892 0.648537 0.275635
v -2.553351 0.472407 0.247033
v -2.178990 0.607683 0.270489
v -2.482411 0.484392 0.250468
v -2.325058 0.531028 0.267410
v -2.704154 1.441259 0.407358
v -2.767729 1.589938 0.455267
v -2.564136 1.960338 0.466467
v -3.170978 1.713755 0.426424
v -2.588812 1.587782 0.445858
v -2.892233 1.464491 0.425836
v -2.644636 1.640417 0.455585
v -2.890263 1.540610 0.439377
v -2.317756 0.806311 0.382104
v -2.534485 0.718246 0.367803
v -2.446221 1.014211 0.408547
v -2.590707 0.955501 0.399013
v -2.518464 0.984856 0.403780
v -2.562596 1.093688 0.402407
v -2.498029 1.176553 0.450052
v -2.671412 1.106101 0.438611
v -2.480231 1.233381 0.470573
v -2.725858 1.133574 0.454365
v -2.536874 1.312332 0.458701
v -2.739155 1.230137 0.445354
v -2.604854 1.293129 0.454838
v -2.677097 1.263774 0.450071
v -2.613046 1.202825 0.494897
v -2.589866 1.272109 0.485177
v -2.676558 1.236883 0.479457
v -2.543559 1.282505 0.487610
v -2.716943 1.212053 0.476169
v -2.503023 1.222271 0.500288
v -2.705304 1.140076 0.486940
v -2.522199 1.190606 0.473740
v -2.666685 1.131895 0.464206
v -2.579638 1.125165 0.466835
v -2.323402 1.218819 0.232125
v -2.800207 1.025075 0.200662
v -2.442335 1.237025 0.385976
v -2.745757 1.113734 0.365955
v -2.401240 1.177943 0.383082
v -2.733558 1.042909 0.361153
v -2.368762 1.267749 0.234115
v -2.802220 1.091618 0.205513
v -2.353384 0.592525 0.317975
v -2.312999 0.617355 0.321263
v -2.399690 0.582129 0.315542
v -2.288256 0.676543 0.350047
v -2.461640 0.606090 0.338606
v -2.318424 0.747561 0.369895
v -2.491807 0.677109 0.358454
v -2.387794 0.681434 0.291961
v -2.313225 0.744952 0.307178
v -2.486609 0.674500 0.295737
v -2.288700 0.688944 0.280398
v -2.462083 0.618492 0.268958
v -2.316962 0.635822 0.267614
v -2.403654 0.600595 0.261894
v -2.357347 0.610991 0.264327
v -2.612315 1.660584 0.481755
v -2.930184 1.531422 0.460780
v -2.573900 1.609295 0.471502
v -2.920667 1.468390 0.448620
v -2.539706 1.918819 0.479951
v -3.160997 1.666365 0.438955
v -2.595099 1.886966 0.491282
v -3.100801 1.681480 0.457913
v -2.448955 1.921089 0.499057
v -3.229181 1.604054 0.447573
v -2.298355 1.936386 0.427210
v -3.338656 1.513673 0.358565
v -2.252717 1.888032 0.417434
v -3.336363 1.447706 0.345928
v -2.224132 1.799068 0.404040
v -3.293330 1.364612 0.333488
v -2.283917 1.671421 0.431643
v -3.165283 1.313289 0.373486
v -2.363868 1.595446 0.446667
v -3.057402 1.313637 0.400904
v -2.520293 1.580094 0.479106
v -2.939304 1.409834 0.451457
v -2.634698 1.735690 0.486507
v -2.967016 1.600657 0.464579
v -2.635409 1.819603 0.492690
v -3.025522 1.661085 0.466948
v -2.606975 1.815704 0.469906
v -3.040434 1.639573 0.441304
v -2.619410 1.743289 0.464102
v -2.980626 1.596514 0.440267
v -2.510927 1.602127 0.457556
v -2.958835 1.420125 0.428000
v -2.372191 1.618249 0.432377
v -3.065725 1.336440 0.386614
v -2.303728 1.681136 0.415973
v -3.156197 1.334746 0.359722
v -2.258671 1.802336 0.395202
v -3.270075 1.391364 0.328464
v -2.278094 1.870225 0.399527
v -3.303946 1.453383 0.331835
v -2.320772 1.911362 0.408876
v -3.303278 1.512133 0.344044
v -2.452379 1.912665 0.474794
v -3.218156 1.601501 0.424264
v -2.578713 1.868826 0.482690
v -3.098863 1.657469 0.448368
v -2.530544 1.897744 0.470882
v -3.151835 1.645290 0.429886
v -2.564534 1.631328 0.449952
v -2.940198 1.478681 0.425163
v -2.592484 1.678912 0.452468
v -2.953699 1.532136 0.428633
v -2.755739 1.873502 0.319899
v -2.958020 1.791307 0.306551
v -2.753532 2.092860 0.344045
v -3.114748 1.946085 0.320210
v -2.631538 2.169079 0.330550
v -3.252829 1.916625 0.289554
v -2.442544 2.105043 0.293408
v -3.338359 1.741040 0.234297
v -2.221208 2.089217 0.237477
v -3.478239 1.578439 0.154531
v -2.093960 2.092252 0.210918
v -3.567720 1.493408 0.113670
v -2.020772 1.866052 0.110585
v -3.451186 1.284821 0.016198
v -2.118929 1.647032 0.130050
v -3.231473 1.194964 0.056638
v -2.237068 1.494750 0.169412
v -3.046191 1.165972 0.116021
v -3.011215 2.260178 0.017934
v -3.030637 2.366639 -0.343315
v -2.562301 1.320639 -0.999629
v -2.492403 1.011896 -0.157682
v -2.306782 0.515408 0.086616
v -2.367723 0.682824 -0.020770
v -2.455707 0.901064 -0.031302
v -2.486877 0.983332 -0.065530
v -1.963707 1.983978 -0.200035
v -3.538607 1.344037 -0.303956
v -1.985415 2.073790 -0.296076
v -3.574764 1.427978 -0.400950
v -2.030171 2.019781 -0.693623
v -3.460585 1.438550 -0.788010
v -2.374770 2.080721 -0.968016
v -3.227239 1.734331 -1.024267
v -1.966043 1.678979 -0.207005
v -3.324214 1.127103 -0.296625
v -2.058082 1.571250 -0.453447
v -3.156177 1.125052 -0.525906
v -2.049637 1.716704 -0.708905
v -3.234424 1.235280 -0.787084
v -2.346680 1.677236 -0.957662
v -2.967971 1.424783 -0.998659
v -2.324957 1.184871 0.080619
v -2.758415 1.008741 0.052017
v -2.346526 1.117531 -0.074077
v -2.678844 0.982497 -0.096005
v -2.137352 0.875163 0.040929
v -2.671951 0.657935 0.005653
v -2.253694 1.054770 0.057876
v -2.716050 0.866897 0.027367
v -2.024809 0.701044 0.047769
v -2.631651 0.454461 0.007726
v -2.256289 0.777238 0.013734
v -2.516365 0.671559 -0.003427
v -2.353360 0.974020 0.016966
v -2.584538 0.880084 0.001712
v -2.166075 0.607650 0.074979
v -2.469496 0.484359 0.054957
v -2.366891 1.242226 0.106872
v -2.771453 1.077837 0.080177
v -2.396240 1.286930 0.148319
v -2.786353 1.128412 0.122577
v -2.425308 1.332209 0.181980
v -2.800973 1.179563 0.157192
v -2.323154 1.157836 -0.164322
v -2.713267 0.999319 -0.190064
v -2.257910 1.293979 -0.583044
v -2.806958 1.070880 -0.619274
v -2.266951 1.483312 -0.843723
v -2.902690 1.224987 -0.885673
v -2.556306 2.451108 -0.625742
v -3.394326 2.110588 -0.681040
v -2.591181 2.485803 -0.310873
v -3.429201 2.145284 -0.366171
v -2.572482 2.391167 -0.011487
v -3.410502 2.050648 -0.066784
v -2.447898 2.076585 0.165688
v -3.300367 1.730195 0.109437
v -2.154503 2.075048 0.082048
v -3.498225 1.529044 -0.006619
v -2.257002 2.087157 0.024390
v -3.427340 1.611604 -0.052836
v -2.336411 2.337744 -0.187252
v -3.521198 1.856320 -0.265431
v -2.141148 2.261362 -0.115338
v -3.614907 1.662518 -0.212586
v -2.153202 2.329739 -0.353718
v -3.626962 1.730895 -0.450965
v -2.345224 2.399479 -0.433846
v -3.530011 1.918055 -0.512025
v -2.309626 2.352958 -0.686852
v -3.494413 1.871535 -0.765032
v -2.114923 2.275425 -0.599366
v -3.588683 1.676581 -0.696613
v -2.193029 2.029752 -0.847674
v -3.334470 1.565941 -0.922993
v -2.201771 1.695502 -0.833522
v -3.097585 1.331499 -0.892633
v -2.018903 2.077850 -0.453756
v -3.536009 1.461393 -0.553863
v -2.224889 1.434454 -0.156005
v -2.976218 1.129161 -0.205582
v -2.181467 1.448107 -0.514023
v -2.976141 1.125201 -0.566461
v -1.982373 2.178744 -0.476335
v -3.629517 1.509448 -0.585023
v -1.887399 1.621452 -0.404407
v -3.317813 1.040221 -0.498794
v -1.649304 1.772322 -0.588503
v -3.570971 0.991476 -0.715306
v -1.480929 2.015152 -0.666395
v -3.850504 1.052305 -0.822753
v -1.516857 2.286376 -0.639781
v -4.016469 1.270690 -0.804721
v -1.696280 2.415553 -0.636671
v -3.979163 1.487932 -0.787309
v -1.883410 2.299362 -0.542245
v -3.776180 1.530258 -0.667141
v -1.867787 2.236962 -0.522783
v -3.746108 1.473729 -0.646726
v -1.714098 2.330683 -0.612234
v -3.910289 1.438287 -0.757152
v -1.585041 2.224065 -0.631163
v -3.925718 1.272960 -0.785615
v -1.555670 2.008656 -0.646044
v -3.795207 1.098648 -0.793822
v -1.681054 1.825395 -0.562201
v -3.588272 1.050420 -0.688050
v -1.863196 1.707530 -0.405009
v -3.394751 1.085202 -0.506069
v -1.936271 2.146032 -0.461421
v -3.641208 1.453251 -0.573923
v -1.891355 2.109503 -0.533060
v -3.639638 1.399110 -0.648422
v -1.827594 1.777142 -0.476968
v -3.460289 1.113717 -0.584703
v -1.686396 1.869024 -0.621876
v -3.608063 1.088178 -0.748679
v -1.581866 2.017164 -0.685550
v -3.778057 1.124768 -0.830468
v -1.597736 2.179118 -0.674139
v -3.880618 1.251497 -0.824777
v -1.697261 2.256097 -0.664180
v -3.864554 1.375444 -0.807191
v -1.831398 2.180128 -0.596231
v -3.724168 1.411024 -0.721127
v -1.982147 2.051147 -0.462250
v -3.542598 1.417077 -0.565217
v -1.942721 1.944564 -0.531429
v -3.488724 1.316365 -0.633444
v -1.985357 1.843038 -0.540472
v -3.386873 1.273549 -0.632952
v -1.924602 1.859305 -0.537086
v -3.441707 1.242848 -0.637193
v -1.876281 1.803158 -0.539504
v -3.436733 1.169088 -0.642472
v -1.893336 1.762547 -0.543121
v -3.395993 1.151961 -0.642275
v -1.985997 1.729714 -0.345068
v -3.329720 1.183709 -0.433735
v -1.980703 1.712616 -0.448048
v -3.309976 1.172482 -0.535761
v -2.003830 1.771505 -0.460200
v -3.333103 1.231371 -0.547913
v -1.992924 1.954146 -0.469813
v -3.466684 1.355302 -0.567060
v -1.919078 2.029490 -0.516458
v -3.566221 1.360194 -0.625146
v -1.914159 2.026305 -0.571389
v -3.561302 1.357009 -0.680077
v -1.891657 1.766004 -0.589838
v -3.394314 1.155418 -0.688992
v -1.867379 1.809549 -0.585744
v -3.442279 1.169608 -0.689666
v -1.912738 1.858479 -0.583754
v -3.444292 1.236151 -0.684815
v -1.976454 1.849430 -0.586713
v -3.392419 1.274070 -0.680146
v -1.933819 1.950955 -0.577670
v -3.494270 1.316885 -0.680638
v -1.809070 2.175597 -0.650636
v -3.730737 1.394751 -0.777439
v -1.675212 2.250990 -0.710799
v -3.871403 1.358595 -0.855717
v -1.571424 2.184164 -0.719853
v -3.897652 1.238930 -0.873352
v -1.555833 2.021633 -0.723479
v -3.795370 1.111625 -0.871256
v -1.677213 1.875991 -0.675903
v -3.613329 1.089275 -0.803659
v -1.828597 1.788391 -0.531044
v -3.461291 1.124966 -0.638779
v -1.876251 2.102037 -0.587941
v -3.638983 1.385772 -0.704257
v -1.866507 1.911408 -0.586016
v -3.513650 1.242112 -0.694705
v -1.805117 1.886295 -0.593508
v -3.538952 1.181772 -0.707916
v -1.769890 1.969819 -0.617419
v -3.619313 1.218329 -0.739454
v -1.824335 1.997292 -0.601664
v -3.601516 1.275157 -0.718933
v -1.796612 2.077305 -0.618266
v -3.674933 1.314073 -0.742208
v -1.742446 2.049257 -0.626234
v -3.693011 1.256669 -0.754943
v -1.700479 2.092032 -0.629400
v -3.752183 1.258348 -0.764784
v -1.745838 2.140962 -0.627410
v -3.754197 1.324891 -0.759933
v -1.862452 2.275949 -0.715679
v -3.755222 1.506846 -0.840575
v -1.662552 2.394556 -0.762434
v -3.974332 1.455192 -0.914979
v -1.490729 2.276356 -0.717973
v -4.019238 1.248928 -0.884819
v -1.448396 2.034383 -0.765709
v -3.875765 1.048051 -0.925881
v -1.649351 1.798852 -0.751158
v -3.571019 1.018007 -0.877961
v -1.871600 1.656734 -0.605040
v -3.330911 1.063761 -0.701334
v -1.997073 2.156296 -0.627462
v -3.586422 1.510483 -0.732337
vn 0.6653 0.0114 0.7465
vn -0.5646 -0.4884 0.6654
vn 0.8652 -0.0034 0.5013
vn -0.6687 -0.6267 0.4001
vn 0.6690 -0.6095 0.4254
vn -0.0995 -0.9218 0.3747
vn 0.4977 -0.3925 0.7734
vn -0.1680 -0.6630 0.7295
vn 0.1017 -0.5897 0.8012
vn 0.2472 -0.5306 0.8108
vn 0.0527 -0.9130 0.4045
vn 0.5514 -0.7104 0.4374
vn -0.6050 -0.6392 0.4748
vn 0.8203 -0.0600 0.5688
vn -0.3909 -0.4190 0.8195
vn 0.4763 -0.0666 0.8767
vn -0.5438 -0.0662 0.8366
vn 0.3378 0.2920 0.8948
vn -0.8529 -0.0275 0.5213
vn 0.5660 0.5491 0.6150
vn -0.5613 0.6222 0.5458
vn -0.0953 0.8115 0.5765
vn -0.3329 0.4303 0.8391
vn -0.1573 0.5017 0.8506
vn 0.1084 0.5779 0.8089
vn -0.5698 0.3023 0.7641
vn 0.0746 0.8282 0.5554
vn -0.6912 0.5171 0.5049
vn 0.6365 0.5486 0.5422
vn -0.8944 -0.0735 0.4412
vn 0.5205 0.3816 0.7638
vn -0.7211 -0.1229 0.6819
vn 0.6445 0.6404 -0.4178
vn -0.8556 0.0308 -0.5168
vn -0.1022 0.8745 -0.4742
vn -0.4816 0.7203 -0.4992
vn -0.6699 0.5964 -0.4422
vn 0.1112 0.9138 -0.3907
vn -0.8675 0.0226 -0.4968
vn 0.6565 0.6419 -0.3963
vn -0.6037 -0.5936 -0.5322
vn 0.9013 0.0179 -0.4329
vn -0.0782 -0.8459 -0.5276
vn 0.7029 -0.5285 -0.4761
vn 0.5198 -0.6417 -0.5640
vn 0.1404 -0.7958 -0.5890
vn 0.8898 0.0121 -0.4563
vn -0.5888 -0.5887 -0.5538
vn 0.3608 0.0253 0.9323
vn -0.3790 -0.2753 0.8835
vn 0.3168 -0.1157 0.9414
vn -0.2509 -0.3463 0.9040
vn 0.1219 -0.2061 0.9709
vn -0.0529 -0.2771 0.9594
vn -0.0826 -0.1232 0.9889
vn 0.0327 -0.0763 0.9965
vn -0.1032 -0.0730 0.9920
vn 0.0121 -0.0261 0.9996
vn -0.0086 0.1249 0.9921
vn -0.1927 0.0501 0.9800
vn 0.1844 0.1978 0.9627
vn -0.3771 -0.0303 0.9257
vn 0.3156 0.1357 0.9391
vn -0.4244 -0.1650 0.8903
vn 0.4227 -0.7860 0.4511
vn 0.1951 -0.8785 0.4360
vn 0.5140 -0.7499 0.4165
vn 0.1090 -0.9144 0.3898
vn 0.6943 -0.2478 0.6757
vn -0.3972 -0.6913 0.6036
vn 0.7074 0.1952 0.6794
vn -0.7147 -0.3826 0.5855
vn 0.6647 0.3304 0.6701
vn -0.7772 -0.2555 0.5750
vn 0.5931 -0.6695 0.4472
vn -0.0064 -0.9131 0.4077
vn 0.5849 -0.5147 0.6268
vn -0.1284 -0.8046 0.5797
vn 0.7753 -0.1718 0.6077
vn -0.4998 -0.6900 0.5236
vn 0.7233 -0.1368 0.6768
vn -0.4950 -0.6318 0.5964
vn 0.3380 0.4924 0.8020
vn -0.6728 0.0817 0.7353
vn 0.2029 0.7454 0.6350
vn -0.7337 0.3648 0.5732
vn 0.3460 0.6619 0.6650
vn -0.7807 0.2040 0.5906
vn -0.3181 0.5388 0.7801
vn -0.2366 0.5719 0.7855
vn -0.8127 -0.0229 0.5822
vn 0.5274 0.5217 0.6706
vn -0.7753 0.2487 0.5806
vn 0.3122 0.6906 0.6523
vn 0.6170 -0.2148 0.7570
vn -0.3744 -0.6177 0.6916
vn 0.3512 -0.4134 0.8401
vn -0.0570 -0.5792 0.8132
vn 0.0981 -0.5835 0.8061
vn 0.2449 -0.5239 0.8158
vn 0.1461 -0.6936 0.7054
vn 0.2986 -0.6316 0.7155
vn 0.2276 -0.5670 0.7917
vn 0.1431 -0.6013 0.7861
vn 0.3047 -0.1612 0.9387
vn -0.2103 -0.3705 0.9047
vn 0.3893 -0.0920 0.9165
vn -0.3159 -0.3786 0.8700
vn 0.3874 -0.2058 0.8986
vn -0.2335 -0.4581 0.8577
vn 0.2920 0.1289 0.9477
vn -0.4039 -0.1539 0.9018
vn -0.2607 0.1264 0.9571
vn -0.0107 0.2280 0.9736
vn 0.5010 -0.3101 0.8080
vn -0.2315 -0.6077 0.7596
vn 0.2313 -0.2289 0.9456
vn -0.1119 -0.3684 0.9229
vn 0.0479 -0.2486 0.9674
vn 0.0296 -0.2560 0.9662
vn 0.3051 -0.6691 0.6777
vn 0.1718 -0.7233 0.6689
vn 0.3606 -0.5176 0.7759
vn 0.0160 -0.6576 0.7532
vn 0.3620 -0.1986 0.9108
vn -0.2218 -0.4359 0.8722
vn 0.2592 0.0205 0.9656
vn -0.3073 -0.2097 0.9282
vn 0.3180 -0.0670 0.9457
vn -0.2860 -0.3124 0.9059
vn -0.0702 -0.0257 0.9972
vn -0.0449 -0.0154 0.9989
vn -0.0133 -0.1352 0.9907
vn -0.0084 -0.1332 0.9910
vn -0.0358 -0.0737 0.9966
vn 0.9751 -0.2202 -0.0256
vn -0.5366 -0.8345 -0.1253
vn 0.7985 0.5847 -0.1432
vn -0.9573 -0.1287 -0.2590
vn -0.2528 0.8995 -0.3563
vn -0.4053 0.8375 -0.3664
vn -0.9627 -0.0261 0.2692
vn 0.6715 0.6379 0.3770
vn 0.7145 -0.6709 0.1986
vn -0.0636 -0.9870 0.1473
vn 0.4561 -0.4794 0.7498
vn -0.0754 -0.6954 0.7147
vn -0.8495 0.2764 0.4494
vn 0.3605 0.7681 0.5293
vn -0.2235 0.7240 0.6526
vn -0.4181 0.6449 0.6398
vn 0.5697 0.5113 0.6435
vn -0.8325 -0.0585 0.5509
vn 0.6090 -0.5556 0.5661
vn -0.1103 -0.8478 0.5187
vn -0.0797 0.1595 0.9840
vn -0.1653 0.1247 0.9783
vn 0.1505 -0.4260 0.8921
vn 0.0885 -0.4512 0.8880
vn -0.3822 -0.3810 0.8419
vn 0.4411 -0.0464 0.8962
vn -0.0676 -0.5495 0.8327
vn 0.3359 -0.3855 0.8594
vn 0.4184 -0.0219 0.9080
vn -0.3844 -0.3480 0.8550
vn 0.2250 0.0891 0.9703
vn -0.3312 -0.1369 0.9336
vn 0.6192 0.5465 0.5639
vn -0.8831 -0.0640 0.4648
vn 0.6972 0.5365 0.4755
vn -0.9216 -0.1213 0.3686
vn 0.7962 0.4780 0.3710
vn -0.9395 -0.2273 0.2564
vn 0.4288 -0.5733 0.6982
vn 0.0151 -0.7414 0.6709
vn -0.1010 -0.3135 0.9442
vn 0.1831 -0.1981 0.9629
vn -0.2481 -0.2679 0.9310
vn 0.2573 -0.0625 0.9643
vn -0.1992 0.0717 0.9773
vn -0.0187 0.1450 0.9893
vn -0.5158 0.7976 0.3127
vn -0.2232 0.9165 0.3320
vn -0.9144 0.3839 0.1288
vn 0.3681 0.9050 0.2134
vn -0.9247 -0.3757 -0.0610
vn 0.9247 0.3757 0.0610
vn 0.6361 -0.7670 0.0846
vn 0.0717 -0.9963 0.0474
vn 0.1064 -0.3346 0.9363
vn 0.0513 -0.3570 0.9327
vn 0.2237 -0.3389 0.9138
vn -0.0265 -0.4406 0.8973
vn -0.3951 -0.5057 0.7669
vn 0.5454 -0.1235 0.8290
vn -0.3725 -0.2511 0.8934
vn 0.3382 0.0377 0.9403
vn -0.2418 -0.1158 0.9634
vn 0.1434 0.0407 0.9888
vn -0.3722 -0.7046 0.6042
vn 0.6858 -0.2747 0.6740
vn 0.1357 -0.7946 0.5918
vn 0.3890 -0.6917 0.6085
vn 0.5837 -0.4574 0.6708
vn -0.1724 -0.7647 0.6209
vn 0.6620 -0.2180 0.7171
vn -0.3996 -0.6494 0.6470
vn 0.5313 0.0631 0.8448
vn -0.5165 -0.3627 0.7757
vn 0.4536 0.2634 0.8514
vn -0.6012 -0.1652 0.7818
vn 0.2089 0.6510 0.7298
vn -0.6831 0.2885 0.6710
vn -0.0177 0.6075 0.7941
vn -0.4993 0.4119 0.7623
vn -0.0180 0.3271 0.9448
vn -0.3212 0.2039 0.9248
vn -0.1457 0.1524 0.9775
vn -0.1127 0.1658 0.9797
vn 0.4302 -0.3244 0.8424
vn -0.1752 -0.5704 0.8025
vn 0.3258 -0.2036 0.9233
vn -0.1941 -0.4148 0.8890
vn -0.0138 -0.7499 0.6614
vn 0.4563 -0.5589 0.6924
vn 0.2773 -0.8302 0.4837
vn 0.3254 -0.8106 0.4868
vn -0.2587 -0.4392 0.8603
vn 0.3919 -0.1748 0.9032
vn -0.3551 -0.2115 0.9106
vn 0.2965 0.0532 0.9536
vn -0.3278 0.3115 0.8919
vn -0.0843 0.4104 0.9080
vn -0.2933 0.4981 0.8160
vn -0.2300 0.5238 0.8202
vn 0.0859 0.6209 0.7792
vn -0.5804 0.3501 0.7352
vn 0.2358 0.6264 0.7430
vn -0.6866 0.2516 0.6821
vn 0.7189 -0.1066 0.6869
vn -0.5140 -0.6076 0.6055
vn 0.7622 0.1970 0.6166
vn -0.7478 -0.4166 0.5170
vn 0.6591 0.3569 0.6619
vn -0.7908 -0.2323 0.5663
vn -0.7892 0.5680 -0.2333
vn 0.1921 0.9668 -0.1686
vn -0.9137 0.0490 -0.4034
vn 0.6604 0.6886 -0.2995
vn -0.5394 0.7414 -0.3991
vn -0.0871 0.9252 -0.3693
vn 0.2757 0.9345 -0.2250
vn -0.8198 0.4894 -0.2973
vn 0.0201 0.9705 -0.2403
vn -0.6615 0.6935 -0.2853
vn -0.0756 0.9726 -0.2197
vn -0.5974 0.7606 -0.2542
vn 0.7588 0.4823 -0.4378
vn -0.8246 -0.1611 -0.5423
vn 0.7838 -0.4352 -0.4431
vn -0.2042 -0.8366 -0.5083
vn 0.6797 -0.5743 -0.4563
vn -0.0322 -0.8635 -0.5033
vn 0.4639 -0.3911 -0.7949
vn 0.0320 -0.5665 -0.8234
vn 0.2832 0.1095 -0.9528
vn -0.1697 -0.0745 -0.9827
vn 0.3110 -0.3101 -0.8984
vn 0.0960 -0.3974 -0.9126
vn 0.4843 -0.8551 -0.1852
vn 0.2712 -0.9417 -0.1992
vn 0.4840 -0.8321 -0.2709
vn 0.2651 -0.9210 -0.2854
vn 0.9008 0.3735 -0.2217
vn -0.8742 -0.3478 -0.3389
vn 0.8116 0.5245 -0.2573
vn -0.9118 -0.1758 -0.3711
vn 0.1778 0.1530 -0.9721
vn -0.1229 0.0308 -0.9919
vn 0.1001 -0.1362 -0.9856
vn 0.1348 -0.1221 -0.9833
vn 0.8290 0.0563 -0.5564
vn -0.5651 -0.5101 -0.6484
vn 0.8113 0.5001 -0.3029
vn -0.8895 -0.1910 -0.4152
vn 0.7482 0.6526 -0.1199
vn -0.9713 -0.0461 -0.2334
vn 0.7237 0.6718 -0.1579
vn -0.9630 -0.0136 -0.2692
vn 0.7455 0.6663 0.0152
vn -0.9942 -0.0406 -0.0996
vn 0.5123 -0.7147 -0.4762
vn 0.1866 -0.8471 -0.4977
vn 0.5508 -0.2390 -0.7997
vn -0.1349 -0.5176 -0.8449
vn 0.6179 -0.6142 -0.4908
vn 0.0434 -0.8477 -0.5287
vn 0.6235 -0.7646 -0.1633
vn 0.1069 -0.9745 -0.1974
vn 0.6500 -0.7298 -0.2120
vn 0.0695 -0.9657 -0.2503
vn 0.9838 0.1788 -0.0125
vn -0.8215 -0.5548 -0.1316
vn 0.9477 -0.1754 0.2666
vn -0.5813 -0.7967 0.1657
vn 0.3961 0.0913 -0.9136
vn -0.2417 -0.1679 -0.9557
vn -0.2627 0.9187 0.2948
vn -0.4851 0.8284 0.2801
vn -0.2447 0.9617 -0.1234
vn -0.4806 0.8659 -0.1390
vn 0.1235 0.7340 -0.6678
vn -0.5224 0.4715 -0.7105
vn 0.0488 0.9964 -0.0699
vn -0.7192 0.6843 -0.1206
vn -0.1206 0.6687 0.7337
vn -0.4619 0.5300 0.7112
vn 0.2588 0.9357 0.2399
vn -0.8611 0.4806 0.1660
vn 0.3998 0.9081 -0.1244
vn -0.9009 0.3796 -0.2102
vn 0.5672 0.4892 -0.6625
vn -0.6681 -0.0127 -0.7440
vn 0.3199 0.6425 -0.6963
vn -0.5951 0.2707 -0.7566
vn 0.3176 0.9434 -0.0955
vn -0.8703 0.4607 -0.1739
vn 0.4014 0.8856 0.2334
vn -0.9269 0.3459 0.1458
vn 0.5132 0.6044 0.6094
vn -0.8532 0.0492 0.5192
vn -0.0283 0.9959 -0.0858
vn -0.6623 0.7383 -0.1276
vn -0.0358 0.5576 0.8294
vn -0.4556 0.3870 0.8017
vn -0.1638 0.1042 -0.9810
vn 0.1546 0.2336 -0.9600
vn -0.3219 0.8316 0.4526
vn -0.4004 0.7997 0.4475
vn -0.2541 0.0384 0.9664
vn 0.0447 0.1598 0.9861
vn 0.8289 0.5466 0.1187
vn -0.9819 -0.1892 -0.0008
vn 0.8298 0.4180 0.3697
vn -0.9215 -0.2937 0.2541
vn 0.8359 0.5489 0.0043
vn -0.9756 -0.1871 -0.1153
vn 0.9110 0.4101 -0.0442
vn -0.9269 -0.3367 -0.1655
vn 0.9218 -0.3837 0.0550
vn -0.3942 -0.9185 -0.0319
vn 0.6914 -0.7203 0.0565
vn 0.0031 -0.9999 0.0111
vn 0.7322 -0.6478 0.2102
vn -0.0936 -0.9834 0.1557
vn 0.8395 -0.4898 0.2352
vn -0.2823 -0.9457 0.1612
vn 0.9101 -0.3308 0.2497
vn -0.4446 -0.8813 0.1603
vn 0.3838 -0.3794 0.8419
vn -0.1039 -0.5776 0.8097
vn 0.6629 -0.0280 -0.7482
vn -0.3669 -0.4465 -0.8161
vn 0.5985 -0.0109 -0.8011
vn -0.3270 -0.3870 -0.8621
vn 0.6319 -0.6338 -0.4461
vn 0.0420 -0.8735 -0.4850
vn 0.9164 -0.2961 -0.2692
vn -0.4147 -0.8370 -0.3571
vn 0.6536 -0.1653 -0.7386
vn -0.2660 -0.5389 -0.7993
vn 0.1492 0.4203 0.8950
vn -0.4991 0.1569 0.8522
vn 0.3259 0.2656 0.9073
vn -0.5184 -0.0775 0.8516
vn 0.1645 0.1237 0.9786
vn -0.3132 -0.0704 0.9471
vn 0.2229 -0.0531 0.9734
vn -0.2312 -0.2376 0.9434
vn 0.4204 0.0540 0.9057
vn -0.4383 -0.2950 0.8491
vn 0.6652 -0.1006 0.7399
vn -0.4860 -0.5684 0.6639
vn 0.1448 0.7334 0.6642
vn -0.6875 0.3952 0.6093
vn -0.5790 0.6313 0.5160
vn -0.0858 0.8317 0.5485
vn -0.8712 -0.1373 0.4714
vn 0.6609 0.4852 0.5725
vn -0.3780 -0.5837 0.7186
vn 0.5930 -0.1891 0.7827
vn 0.6105 -0.4032 0.6817
vn -0.2303 -0.7448 0.6262
vn 0.7975 -0.1935 0.5714
vn -0.4964 -0.7193 0.4861
vn 0.9304 -0.3510 -0.1056
vn -0.4049 -0.8936 -0.1937
vn -0.3194 0.1229 0.9396
vn 0.0355 0.2671 0.9630
vn 0.9855 0.0102 -0.1693
vn -0.6879 -0.6698 -0.2797
vn 0.0017 0.1097 0.9940
vn -0.1896 0.0320 0.9813
vn -0.2881 0.8664 0.4080
vn -0.4435 0.8032 0.3977
vn 0.6023 0.1046 0.7913
vn -0.5898 -0.3798 0.7127
vn 0.1914 0.5432 0.8175
vn -0.6056 0.2194 0.7649
vn 0.9141 -0.1715 0.3675
vn -0.5715 -0.7751 0.2695
vn 0.6687 -0.2147 0.7119
vn -0.4060 -0.6514 0.6409
vn 0.6852 -0.2259 0.6924
vn -0.4078 -0.6700 0.6203
vn 0.9784 0.2066 -0.0089
vn -0.8374 -0.5312 -0.1287
vn 0.9964 -0.0155 -0.0832
vn -0.6875 -0.6997 -0.1943
vn 0.9316 0.3633 -0.0124
vn -0.9127 -0.3861 -0.1341
vn 0.9173 -0.3439 0.2006
vn -0.4352 -0.8934 0.1114
vn 0.9540 -0.2739 0.1217
vn -0.5009 -0.8651 0.0256
vn 0.9113 -0.3935 0.1211
vn -0.3874 -0.9212 0.0354
vn -0.2000 0.9797 0.0140
vn -0.5404 0.8414 -0.0085
vn 0.7351 0.6468 0.2031
vn -0.9945 -0.0559 0.0889
vn 0.8942 -0.4442 0.0547
vn -0.3326 -0.9427 -0.0262
vn -0.3885 0.9122 0.1305
vn -0.3727 0.9186 0.1315
vn 0.8323 -0.4426 0.3337
vn -0.3212 -0.9113 0.2576
vn 0.5781 -0.7483 0.3253
vn 0.0727 -0.9537 0.2920
vn -0.5697 -0.7660 -0.2979
vn 0.9705 -0.1402 -0.1962
vn -0.8434 -0.0570 -0.5343
vn 0.6989 0.5697 -0.4325
vn -0.8112 0.5312 -0.2446
vn 0.2346 0.9561 -0.1756
vn -0.4317 0.8943 0.1180
vn -0.3282 0.9363 0.1249
vn 0.0898 0.0019 0.9960
vn -0.1775 -0.1067 0.9783
vn 0.2446 0.1131 0.9630
vn -0.3610 -0.1330 0.9230
vn 0.2464 0.0689 0.9667
vn -0.3319 -0.1661 0.9286
vn 0.1125 0.0169 0.9935
vn -0.2037 -0.1116 0.9726
vn 0.1825 0.3283 0.9268
vn -0.4623 0.0663 0.8842
vn 0.3507 0.0513 0.9351
vn -0.3902 -0.2497 0.8862
vn 0.2261 -0.0302 0.9736
vn -0.2495 -0.2234 0.9422
vn 0.0272 -0.0595 0.9979
vn -0.0906 -0.1073 0.9901
vn -0.6249 0.4686 0.6244
vn 0.0477 0.7420 0.6687
vn 0.5412 0.2122 0.8136
vn -0.6237 -0.2611 0.7368
vn 0.4582 -0.0812 0.8851
vn -0.3689 -0.4173 0.8305
vn 0.5202 -0.0687 0.8513
vn -0.4177 -0.4499 0.7894
vn 0.3580 0.3799 0.8530
vn -0.6145 -0.0153 0.7888
vn 0.0285 0.5921 0.8054
vn -0.5226 0.3682 0.7690
vn 0.4650 -0.8759 -0.1289
vn 0.2929 -0.9458 -0.1402
vn 0.7907 -0.6122 -0.0089
vn -0.1351 -0.9884 -0.0700
vn 0.9434 0.0980 0.3169
vn -0.7738 -0.5998 0.2035
vn 0.5719 0.8192 0.0432
vn -0.9803 0.1885 -0.0592
vn -0.5635 0.7959 -0.2211
vn -0.1279 0.9729 -0.1924
vn -0.7464 0.6568 -0.1072
vn 0.0857 0.9949 -0.0523
vn -0.4640 -0.1492 -0.8732
vn 0.5317 0.2554 -0.8075
vn -0.1324 -0.0217 -0.9910
vn 0.2209 0.1219 -0.9676
vn 0.3968 0.2440 -0.8849
vn -0.3515 -0.0601 -0.9343
vn -0.9599 0.2804 0.0060
vn 0.4861 0.8680 0.1014
vn 0.6092 0.0734 -0.7896
vn -0.3946 -0.3344 -0.8558
vn 0.1316 -0.9240 -0.3591
vn 0.5891 -0.7380 -0.3290
vt 0.843250 0.588863
vt 0.833697 0.611927
vt 0.794218 0.611927
vt 0.815334 0.560948
vt 0.866314 0.937441
vt 0.866314 0.897962
vt 0.889378 0.888409
vt 0.917293 0.916324
vt 0.746541 0.611927
vt 0.781622 0.527235
vt 0.866314 0.985118
vt 0.951006 0.950037
vt 0.815334 0.662907
vt 0.781622 0.696619
vt 0.781622 0.950037
vt 0.815334 0.916325
vt 0.843250 0.634991
vt 0.843250 0.888409
vt 0.866314 0.644544
vt 0.866314 0.684023
vt 0.794218 0.865345
vt 0.833697 0.865345
vt 0.866314 0.731700
vt 0.746541 0.865345
vt 0.917293 0.662907
vt 0.951006 0.696619
vt 0.781622 0.780653
vt 0.815334 0.814366
vt 0.889378 0.634991
vt 0.843250 0.842281
vt 0.898931 0.611927
vt 0.938410 0.611927
vt 0.866314 0.793249
vt 0.866314 0.832728
vt 0.986087 0.611927
vt 0.866314 0.745572
vt 0.917294 0.560947
vt 0.951006 0.527235
vt 0.951006 0.780653
vt 0.917294 0.814365
vt 0.889378 0.588863
vt 0.889378 0.842281
vt 0.866314 0.579310
vt 0.866314 0.539831
vt 0.938410 0.865345
vt 0.898931 0.865345
vt 0.866314 0.492154
vt 0.986087 0.865345
vt 0.866314 0.585461
vt 0.847600 0.593213
vt 0.892780 0.865345
vt 0.885028 0.884059
vt 0.885028 0.593213
vt 0.885028 0.846631
vt 0.892780 0.611927
vt 0.866314 0.838879
vt 0.885028 0.630641
vt 0.847600 0.846631
vt 0.866314 0.638393
vt 0.839848 0.865345
vt 0.847600 0.630641
vt 0.847600 0.884059
vt 0.839848 0.611927
vt 0.866314 0.891811
vt 0.866314 0.611927
vt 0.866314 0.865345
vt 0.520711 0.060503
vt 0.517028 0.068490
vt 0.500000 0.064527
vt 0.500000 0.054411
vt 0.482972 0.068490
vt 0.479289 0.060503
vt 0.530457 0.065062
vt 0.522612 0.070678
vt 0.477388 0.070678
vt 0.469543 0.065062
vt 0.532878 0.067822
vt 0.526301 0.079422
vt 0.473699 0.079422
vt 0.467122 0.067822
vt 0.544695 0.083023
vt 0.529228 0.091098
vt 0.470772 0.091098
vt 0.455305 0.083023
vt 0.565647 0.115495
vt 0.537536 0.127779
vt 0.462464 0.127779
vt 0.434353 0.115495
vt 0.586916 0.172042
vt 0.626605 0.208159
vt 0.600470 0.238288
vt 0.535885 0.215568
vt 0.399530 0.238288
vt 0.373395 0.208159
vt 0.413084 0.172042
vt 0.464115 0.215568
vt 0.650908 0.240294
vt 0.636962 0.261221
vt 0.363038 0.261221
vt 0.349092 0.240294
vt 0.689501 0.268805
vt 0.655896 0.284413
vt 0.344104 0.284413
vt 0.310499 0.268805
vt 0.684517 0.317795
vt 0.659507 0.313152
vt 0.340493 0.313152
vt 0.315483 0.317795
vt 0.671357 0.334694
vt 0.649107 0.322437
vt 0.350893 0.322437
vt 0.328643 0.334694
vt 0.636775 0.370732
vt 0.613636 0.353108
vt 0.386364 0.353108
vt 0.363225 0.370732
vt 0.602261 0.395588
vt 0.594178 0.371277
vt 0.405822 0.371277
vt 0.397739 0.395588
vt 0.581044 0.398468
vt 0.577351 0.373341
vt 0.422649 0.373341
vt 0.418956 0.398468
vt 0.532016 0.387365
vt 0.539817 0.354339
vt 0.460183 0.354339
vt 0.467984 0.387365
vt 0.500000 0.382860
vt 0.500000 0.340417
vt 0.559135 0.334326
vt 0.579057 0.335646
vt 0.420943 0.335646
vt 0.440865 0.334326
vt 0.592090 0.332885
vt 0.407910 0.332885
vt 0.606163 0.325516
vt 0.393837 0.325516
vt 0.628251 0.311636
vt 0.371749 0.311636
vt 0.635551 0.300507
vt 0.364449 0.300507
vt 0.631484 0.283889
vt 0.368516 0.283889
vt 0.611331 0.264411
vt 0.388669 0.264411
vt 0.592372 0.254897
vt 0.407628 0.254897
vt 0.559669 0.267717
vt 0.440331 0.267717
vt 0.550878 0.277832
vt 0.500000 0.252445
vt 0.449122 0.277832
vt 0.544001 0.314523
vt 0.455999 0.314523
vt 0.500000 0.295691
vt 0.543637 0.293371
vt 0.456363 0.293371
vt 0.506819 0.075382
vt 0.500000 0.073497
vt 0.493181 0.075382
vt 0.511782 0.080633
vt 0.488218 0.080633
vt 0.512172 0.093457
vt 0.487828 0.093457
vt 0.514257 0.133422
vt 0.513874 0.097191
vt 0.486126 0.097191
vt 0.485743 0.133422
vt 0.520226 0.164615
vt 0.500000 0.157864
vt 0.500000 0.134352
vt 0.479774 0.164615
vt 0.500000 0.100063
vt 0.500000 0.091346
vt 0.530258 0.180239
vt 0.521901 0.181560
vt 0.517666 0.172353
vt 0.482334 0.172353
vt 0.478099 0.181560
vt 0.469742 0.180239
vt 0.523673 0.198817
vt 0.518957 0.194728
vt 0.481043 0.194728
vt 0.476327 0.198817
vt 0.500000 0.203867
vt 0.508211 0.197295
vt 0.491789 0.197295
vt 0.500000 0.197278
vt 0.500000 0.192167
vt 0.500000 0.165170
vt 0.513538 0.176949
vt 0.500000 0.171718
vt 0.486462 0.176949
vt 0.500000 0.186182
vt 0.508818 0.192407
vt 0.491182 0.192407
vt 0.515232 0.190709
vt 0.484768 0.190709
vt 0.516908 0.181873
vt 0.483092 0.181873
vt 0.544209 0.172814
vt 0.455791 0.172814
vt 0.541327 0.154899
vt 0.458673 0.154899
vt 0.578661 0.139176
vt 0.421339 0.139176
vt 0.583245 0.154155
vt 0.416755 0.154155
vt 0.500000 0.089977
vt 0.509911 0.090724
vt 0.490089 0.090724
vt 0.509713 0.082236
vt 0.490287 0.082236
vt 0.505196 0.077083
vt 0.494804 0.077083
vt 0.500000 0.075473
vt 0.503445 0.080840
vt 0.500000 0.080320
vt 0.496555 0.080840
vt 0.506660 0.083289
vt 0.493340 0.083289
vt 0.506822 0.086791
vt 0.493178 0.086791
vt 0.500000 0.085637
vt 0.562361 0.284338
vt 0.559190 0.294882
vt 0.437639 0.284338
vt 0.440810 0.294882
vt 0.563180 0.307151
vt 0.436820 0.307151
vt 0.570458 0.318697
vt 0.429542 0.318697
vt 0.569243 0.278245
vt 0.430757 0.278245
vt 0.589914 0.271772
vt 0.410086 0.271772
vt 0.602190 0.277180
vt 0.397810 0.277180
vt 0.617110 0.287175
vt 0.382890 0.287175
vt 0.618074 0.299197
vt 0.381926 0.299197
vt 0.615871 0.307438
vt 0.384129 0.307438
vt 0.598424 0.313725
vt 0.401576 0.313725
vt 0.590828 0.319797
vt 0.409172 0.319797
vt 0.582130 0.320991
vt 0.417870 0.320991
vt 0.578615 0.309394
vt 0.583998 0.312892
vt 0.421385 0.309394
vt 0.416002 0.312892
vt 0.589656 0.312336
vt 0.410344 0.312336
vt 0.596347 0.309249
vt 0.403653 0.309249
vt 0.606014 0.302517
vt 0.393986 0.302517
vt 0.607735 0.297520
vt 0.392265 0.297520
vt 0.606985 0.291216
vt 0.393015 0.291216
vt 0.598275 0.283083
vt 0.401725 0.283083
vt 0.589866 0.280167
vt 0.410134 0.280167
vt 0.576352 0.284624
vt 0.423648 0.284624
vt 0.572831 0.289915
vt 0.427169 0.289915
vt 0.573307 0.303342
vt 0.426693 0.303342
vt 0.572447 0.295716
vt 0.427553 0.295716
vt 0.529647 0.428636
vt 0.500000 0.428636
vt 0.470353 0.428636
vt 0.584616 0.428636
vt 0.415384 0.428636
vt 0.622301 0.417889
vt 0.377699 0.417889
vt 0.666214 0.388954
vt 0.333786 0.388954
vt 0.701481 0.344467
vt 0.298519 0.344467
vt 0.712163 0.315527
vt 0.287837 0.315527
vt 0.704305 0.260225
vt 0.295695 0.260225
vt 0.672947 0.224880
vt 0.327053 0.224880
vt 0.640497 0.198841
vt 0.359503 0.198841
vt 0.603553 0.023452
vt 0.625128 0.029461
vt 0.635753 0.082198
vt 0.598617 0.056841
vt 0.364247 0.082198
vt 0.374872 0.029461
vt 0.396447 0.023452
vt 0.401383 0.056841
vt 0.546781 0.009442
vt 0.556354 0.040906
vt 0.453219 0.009442
vt 0.443646 0.040906
vt 0.500000 0.033223
vt 0.527159 0.049514
vt 0.472841 0.049514
vt 0.537222 0.060794
vt 0.462778 0.060794
vt 0.558499 0.065137
vt 0.441501 0.065137
vt 0.588127 0.085177
vt 0.411873 0.085177
vt 0.607239 0.113940
vt 0.392761 0.113940
vt 0.612663 0.133675
vt 0.605467 0.151503
vt 0.394533 0.151503
vt 0.387337 0.133675
vt 0.600708 0.162985
vt 0.399292 0.162985
vt 0.922374 0.064228
vt 0.859647 0.117994
vt 0.823287 0.101559
vt 0.861342 0.027230
vt 0.176713 0.101559
vt 0.140353 0.117994
vt 0.077626 0.064228
vt 0.138658 0.027230
vt 0.765863 0.087001
vt 0.774604 0.010837
vt 0.234137 0.087001
vt 0.225396 0.010837
vt 0.661952 0.087561
vt 0.647010 0.028716
vt 0.338048 0.087561
vt 0.352990 0.028716
vt 0.743592 0.198572
vt 0.766410 0.233065
vt 0.256408 0.198572
vt 0.233590 0.233065
vt 0.987633 0.154243
vt 0.889478 0.177602
vt 0.110522 0.177602
vt 0.012367 0.154243
vt 0.899807 0.420886
vt 0.844317 0.347370
vt 0.881169 0.309153
vt 0.958963 0.357385
vt 0.118831 0.309153
vt 0.155683 0.347370
vt 0.100193 0.420886
vt 0.041037 0.357385
vt 0.903302 0.261367
vt 0.999860 0.253531
vt 0.096698 0.261367
vt 0.000140 0.253531
vt 0.724763 0.340212
vt 0.744725 0.304629
vt 0.766113 0.319494
vt 0.255275 0.304629
vt 0.275237 0.340212
vt 0.233887 0.319494
vt 0.793427 0.280495
vt 0.826663 0.297810
vt 0.206573 0.280495
vt 0.173337 0.297810
vt 0.823620 0.254612
vt 0.855331 0.267956
vt 0.176380 0.254612
vt 0.144669 0.267956
vt 0.835860 0.225225
vt 0.868309 0.233525
vt 0.164140 0.225225
vt 0.131691 0.233525
vt 0.813499 0.190705
vt 0.851288 0.181145
vt 0.148712 0.181145
vt 0.186501 0.190705
vt 0.772263 0.374010
vt 0.227737 0.374010
vt 0.744519 0.390057
vt 0.255481 0.390057
vt 0.824765 0.470987
vt 0.175235 0.470987
vt 0.792141 0.464714
vt 0.742181 0.461543
vt 0.726855 0.432574
vt 0.273145 0.432574
vt 0.257819 0.461543
vt 0.207859 0.464714
vt 0.795638 0.489991
vt 0.204362 0.489991
vt 0.786137 0.227788
vt 0.213863 0.227788
vt 0.802950 0.203415
vt 0.197050 0.203415
vt 0.769334 0.128771
vt 0.691484 0.146686
vt 0.230666 0.128771
vt 0.308516 0.146686
vt 0.780113 0.169386
vt 0.219887 0.169386
vt 0.803789 0.171181
vt 0.830917 0.139518
vt 0.169083 0.139518
vt 0.196211 0.171181
vt 0.574628 0.959188
vt 0.464516 0.959188
vt 0.477326 0.891852
vt 0.545439 0.884582
vt 0.272900 0.891852
vt 0.285710 0.959188
vt 0.175598 0.959188
vt 0.204787 0.884582
vt 0.605134 0.846978
vt 0.715894 0.897069
vt 0.145092 0.846978
vt 0.034332 0.897069
vt 0.605360 0.784410
vt 0.683874 0.757011
vt 0.144866 0.784410
vt 0.066352 0.757011
vt 0.574835 0.744212
vt 0.617867 0.719156
vt 0.175391 0.744212
vt 0.132359 0.719156
vt 0.534996 0.712528
vt 0.568728 0.682132
vt 0.215230 0.712528
vt 0.181498 0.682132
vt 0.483006 0.686791
vt 0.508539 0.641024
vt 0.267220 0.686791
vt 0.241687 0.641024
vt 0.513415 0.736977
vt 0.478880 0.719593
vt 0.271346 0.719593
vt 0.236811 0.736977
vt 0.541117 0.760754
vt 0.209109 0.760754
vt 0.557599 0.789442
vt 0.192627 0.789442
vt 0.553841 0.821849
vt 0.196385 0.821849
vt 0.524671 0.842380
vt 0.225555 0.842380
vt 0.485193 0.845321
vt 0.265033 0.845321
vt 0.786150 0.181127
vt 0.770208 0.191225
vt 0.213850 0.181127
vt 0.229792 0.191225
vt 0.408153 0.587507
vt 0.409610 0.674022
vt 0.342073 0.587507
vt 0.340616 0.674022
vt 0.400301 0.910556
vt 0.414155 0.878318
vt 0.336071 0.878318
vt 0.349925 0.910556
vt 0.443630 0.713731
vt 0.306596 0.713731
vt 0.429725 0.728622
vt 0.392812 0.710774
vt 0.357414 0.710774
vt 0.320501 0.728622
vt 0.422979 0.754609
vt 0.432640 0.746527
vt 0.327247 0.754609
vt 0.317586 0.746527
vt 0.427719 0.796173
vt 0.391578 0.815187
vt 0.358648 0.815187
vt 0.322507 0.796173
vt 0.448277 0.830976
vt 0.301949 0.830976
vt 0.797710 0.195652
vt 0.802580 0.199758
vt 0.197420 0.199758
vt 0.202290 0.195652
vt 0.789609 0.184671
vt 0.210391 0.184671
vt 0.466042 0.804091
vt 0.490498 0.816075
vt 0.284184 0.804091
vt 0.259728 0.816075
vt 0.448042 0.783921
vt 0.302184 0.783921
vt 0.438745 0.764960
vt 0.311481 0.764960
vt 0.445216 0.756351
vt 0.305010 0.756351
vt 0.449819 0.743458
vt 0.300407 0.743458
vt 0.456307 0.732687
vt 0.293919 0.732687
vt 0.475471 0.740871
vt 0.274755 0.740871
vt 0.514211 0.817769
vt 0.236015 0.817769
vt 0.527961 0.808598
vt 0.222265 0.808598
vt 0.530079 0.790754
vt 0.220147 0.790754
vt 0.518620 0.772385
vt 0.231606 0.772385
vt 0.498668 0.755033
vt 0.251558 0.755033
vt 0.468029 0.756171
vt 0.459660 0.770459
vt 0.282197 0.756171
vt 0.290566 0.770459
vt 0.487167 0.769899
vt 0.477354 0.785393
vt 0.263059 0.769899
vt 0.272872 0.785393
vt 0.504617 0.782999
vt 0.496545 0.797122
vt 0.245609 0.782999
vt 0.253681 0.797122
vt 0.516137 0.792591
vt 0.513713 0.804019
vt 0.234089 0.792591
vt 0.236513 0.804019
vt 0.574269 0.607668
vt 0.613510 0.655816
vt 0.175957 0.607668
vt 0.136716 0.655816
vt 0.644031 0.693270
vt 0.106195 0.693270
vt 0.668163 0.712097
vt 0.082063 0.712097
vt 0.727131 0.698475
vt 0.676584 0.686010
vt 0.023095 0.698475
vt 0.073642 0.686010
vt 0.729804 0.624370
vt 0.667013 0.640198
vt 0.020422 0.624370
vt 0.083213 0.640198
vt 0.721292 0.572934
vt 0.648152 0.594596
vt 0.028934 0.572934
vt 0.102074 0.594596
vt 0.630034 0.557583
vt 0.717709 0.538143
vt 0.032517 0.538143
vt 0.120192 0.557583
vt 0.526877 0.539235
vt 0.223349 0.539235
s 0
usemtl Material.005
f 1107/1178/1080 1061/1179/1080 1063/1180/1080 1105/1181/1080
f 1064/1182/1081 1062/1183/1081 1108/1184/1081 1106/1185/1081
f 1105/1181/1082 1063/1180/1082 1065/1186/1082 1103/1187/1082
f 1066/1188/1083 1064/1182/1083 1106/1185/1083 1104/1189/1083
f 1063/1180/1084 1069/1190/1084 1067/1191/1084 1065/1186/1084
f 1068/1192/1085 1070/1193/1085 1064/1182/1085 1066/1188/1085
f 1061/1179/1086 1071/1194/1086 1069/1190/1086 1063/1180/1086
f 1070/1193/1087 1072/1195/1087 1062/1183/1087 1064/1182/1087
f 1071/1194/1088 1073/1196/1088 1075/1197/1088 1069/1190/1088
f 1076/1198/1089 1074/1199/1089 1072/1195/1089 1070/1193/1089
f 1069/1190/1090 1075/1197/1090 1077/1200/1090 1067/1191/1090
f 1078/1201/1091 1076/1198/1091 1070/1193/1091 1068/1192/1091
f 1075/1197/1092 1081/1202/1092 1079/1203/1092 1077/1200/1092
f 1080/1204/1093 1082/1205/1093 1076/1198/1093 1078/1201/1093
f 1073/1196/1094 1083/1206/1094 1081/1202/1094 1075/1197/1094
f 1082/1205/1095 1084/1207/1095 1074/1199/1095 1076/1198/1095
f 1083/1206/1096 1085/1208/1096 1087/1209/1096 1081/1202/1096
f 1088/1210/1097 1086/1211/1097 1084/1207/1097 1082/1205/1097
f 1081/1202/1098 1087/1209/1098 1089/1212/1098 1079/1203/1098
f 1090/1213/1099 1088/1210/1099 1082/1205/1099 1080/1204/1099
f 1087/1209/1100 1093/1214/1100 1091/1215/1100 1089/1212/1100
f 1092/1216/1101 1094/1217/1101 1088/1210/1101 1090/1213/1101
f 1085/1208/1102 1095/1218/1102 1093/1214/1102 1087/1209/1102
f 1094/1217/1103 1096/1219/1103 1086/1211/1103 1088/1210/1103
f 1095/1218/1104 1097/1220/1104 1099/1221/1104 1093/1214/1104
f 1100/1222/1105 1098/1223/1105 1096/1219/1105 1094/1217/1105
f 1093/1214/1106 1099/1221/1106 1101/1224/1106 1091/1215/1106
f 1102/1225/1107 1100/1222/1107 1094/1217/1107 1092/1216/1107
f 1099/1221/1108 1105/1181/1108 1103/1187/1108 1101/1224/1108
f 1104/1189/1109 1106/1185/1109 1100/1222/1109 1102/1225/1109
f 1097/1220/1110 1107/1178/1110 1105/1181/1110 1099/1221/1110
f 1106/1185/1111 1108/1184/1111 1098/1223/1111 1100/1222/1111
f 1107/1178/1112 1097/1220/1112 1111/1226/1112 1109/1227/1112
f 1112/1228/1113 1098/1223/1113 1108/1184/1113 1110/1229/1113
f 1097/1220/1114 1095/1218/1114 1113/1230/1114 1111/1226/1114
f 1114/1231/1115 1096/1219/1115 1098/1223/1115 1112/1228/1115
f 1095/1218/1116 1085/1208/1116 1115/1232/1116 1113/1230/1116
f 1116/1233/1117 1086/1211/1117 1096/1219/1117 1114/1231/1117
f 1085/1208/1118 1083/1206/1118 1117/1234/1118 1115/1232/1118
f 1118/1235/1119 1084/1207/1119 1086/1211/1119 1116/1233/1119
f 1083/1206/1120 1073/1196/1120 1119/1236/1120 1117/1234/1120
f 1120/1237/1121 1074/1199/1121 1084/1207/1121 1118/1235/1121
f 1073/1196/1122 1071/1194/1122 1123/1238/1122 1119/1236/1122
f 1124/1239/1123 1072/1195/1123 1074/1199/1123 1120/1237/1123
f 1071/1194/1124 1061/1179/1124 1125/1240/1124 1123/1238/1124
f 1126/1241/1125 1062/1183/1125 1072/1195/1125 1124/1239/1125
f 1061/1179/1126 1107/1178/1126 1109/1227/1126 1125/1240/1126
f 1110/1229/1127 1108/1184/1127 1062/1183/1127 1126/1241/1127
f 1121/1242/1128 1125/1240/1128 1109/1227/1128
f 1110/1229/1129 1126/1241/1129 1122/1243/1129
f 1123/1238/1130 1125/1240/1130 1121/1242/1130
f 1122/1243/1131 1126/1241/1131 1124/1239/1131
f 1121/1242/1132 1119/1236/1132 1123/1238/1132
f 1124/1239/1133 1120/1237/1133 1122/1243/1133
f 1121/1242/1134 1117/1234/1134 1119/1236/1134
f 1120/1237/1135 1118/1235/1135 1122/1243/1135
f 1121/1242/1136 1115/1232/1136 1117/1234/1136
f 1118/1235/1137 1116/1233/1137 1122/1243/1137
f 1121/1242/1138 1113/1230/1138 1115/1232/1138
f 1116/1233/1139 1114/1231/1139 1122/1243/1139
f 1121/1242/1140 1111/1226/1140 1113/1230/1140
f 1114/1231/1141 1112/1228/1141 1122/1243/1141
f 1121/1242/1142 1109/1227/1142 1111/1226/1142
f 1112/1228/1143 1110/1229/1143 1122/1243/1143
f 1149/1244/1144 1234/1245/1144 1236/1246/1144 1151/1247/1144
f 1236/1246/1145 1235/1248/1145 1150/1249/1145 1151/1247/1145
f 1147/1250/1146 1232/1251/1146 1234/1245/1146 1149/1244/1146
f 1235/1248/1147 1233/1252/1147 1148/1253/1147 1150/1249/1147
f 1145/1254/1148 1230/1255/1148 1232/1251/1148 1147/1250/1148
f 1233/1252/1149 1231/1256/1149 1146/1257/1149 1148/1253/1149
f 1143/1258/1150 1228/1259/1150 1230/1255/1150 1145/1254/1150
f 1231/1256/1151 1229/1260/1151 1144/1261/1151 1146/1257/1151
f 1141/1262/1152 1226/1263/1152 1228/1259/1152 1143/1258/1152
f 1229/1260/1153 1227/1264/1153 1142/1265/1153 1144/1261/1153
f 1139/1266/1154 1152/1267/1154 1206/1268/1154 1224/1269/1154
f 1207/1270/1155 1153/1271/1155 1140/1272/1155 1225/1273/1155
f 1152/1267/1156 1154/1274/1156 1208/1275/1156 1206/1268/1156
f 1209/1276/1157 1155/1277/1157 1153/1271/1157 1207/1270/1157
f 1154/1274/1158 1156/1278/1158 1210/1279/1158 1208/1275/1158
f 1211/1280/1159 1157/1281/1159 1155/1277/1159 1209/1276/1159
f 1156/1278/1160 1158/1282/1160 1212/1283/1160 1210/1279/1160
f 1213/1284/1161 1159/1285/1161 1157/1281/1161 1211/1280/1161
f 1158/1282/1162 1160/1286/1162 1214/1287/1162 1212/1283/1162
f 1215/1288/1163 1161/1289/1163 1159/1285/1163 1213/1284/1163
f 1160/1286/1164 1162/1290/1164 1216/1291/1164 1214/1287/1164
f 1217/1292/1165 1163/1293/1165 1161/1289/1165 1215/1288/1165
f 1162/1290/1166 1164/1294/1166 1218/1295/1166 1216/1291/1166
f 1219/1296/1167 1165/1297/1167 1163/1293/1167 1217/1292/1167
f 1164/1294/1168 1166/1298/1168 1220/1299/1168 1218/1295/1168
f 1221/1300/1169 1167/1301/1169 1165/1297/1169 1219/1296/1169
f 1166/1298/1170 1168/1302/1170 1222/1303/1170 1220/1299/1170
f 1223/1304/1171 1169/1305/1171 1167/1301/1171 1221/1300/1171
f 1168/1302/1172 1127/1306/1172 1128/1307/1172 1222/1303/1172
f 1128/1307/1173 1127/1306/1173 1169/1305/1173 1223/1304/1173
f 1170/1308/1174 1188/1309/1174 1220/1299/1174 1222/1303/1174
f 1221/1300/1175 1189/1310/1175 1171/1311/1175 1223/1304/1175
f 1188/1309/1176 1239/1312/1176 1218/1295/1176 1220/1299/1176
f 1219/1296/1177 1240/1313/1177 1189/1310/1177 1221/1300/1177
f 1186/1314/1178 1216/1291/1178 1218/1295/1178 1239/1312/1178
f 1219/1296/1179 1217/1292/1179 1187/1315/1179 1240/1313/1179
f 1184/1316/1180 1214/1287/1180 1216/1291/1180 1186/1314/1180
f 1217/1292/1181 1215/1288/1181 1185/1317/1181 1187/1315/1181
f 1182/1318/1182 1212/1283/1182 1214/1287/1182 1184/1316/1182
f 1215/1288/1183 1213/1284/1183 1183/1319/1183 1185/1317/1183
f 1180/1320/1184 1210/1279/1184 1212/1283/1184 1182/1318/1184
f 1213/1284/1185 1211/1280/1185 1181/1321/1185 1183/1319/1185
f 1178/1322/1186 1208/1275/1186 1210/1279/1186 1180/1320/1186
f 1211/1280/1187 1209/1276/1187 1179/1323/1187 1181/1321/1187
f 1176/1324/1188 1206/1268/1188 1208/1275/1188 1178/1322/1188
f 1209/1276/1189 1207/1270/1189 1177/1325/1189 1179/1323/1189
f 1174/1326/1190 1224/1269/1190 1206/1268/1190 1176/1324/1190
f 1207/1270/1191 1225/1273/1191 1175/1327/1191 1177/1325/1191
f 1174/1326/1192 1241/1328/1192 1237/1329/1192 1224/1269/1192
f 1237/1329/1193 1242/1330/1193 1175/1327/1193 1225/1273/1193
f 1170/1308/1194 1222/1303/1194 1128/1307/1194 1172/1331/1194
f 1128/1307/1195 1223/1304/1195 1171/1311/1195 1173/1332/1195
f 1172/1331/1196 1128/1307/1196 1238/1333/1196 1243/1334/1196
f 1238/1333/1197 1128/1307/1197 1173/1332/1197 1244/1335/1197
f 1237/1329/1198 1241/1328/1198 1243/1334/1198 1238/1333/1198
f 1244/1335/1199 1242/1330/1199 1237/1329/1199 1238/1333/1199
f 1195/1336/1200 1197/1337/1200 1236/1246/1200 1234/1245/1200
f 1236/1246/1201 1197/1337/1201 1196/1338/1201 1235/1248/1201
f 1193/1339/1202 1195/1336/1202 1234/1245/1202 1232/1251/1202
f 1235/1248/1203 1196/1338/1203 1194/1340/1203 1233/1252/1203
f 1191/1341/1204 1193/1339/1204 1232/1251/1204 1230/1255/1204
f 1233/1252/1205 1194/1340/1205 1192/1342/1205 1231/1256/1205
f 1226/1263/1206 1247/1343/1206 1245/1344/1206 1228/1259/1206
f 1246/1345/1207 1248/1346/1207 1227/1264/1207 1229/1260/1207
f 1191/1341/1208 1230/1255/1208 1228/1259/1208 1245/1344/1208
f 1229/1260/1209 1231/1256/1209 1192/1342/1209 1246/1345/1209
f 1204/1347/1210 1250/1348/1210 1249/1349/1210 1247/1343/1210
f 1249/1349/1211 1250/1348/1211 1205/1350/1211 1248/1346/1211
f 1245/1344/1212 1247/1343/1212 1249/1349/1212 1129/1351/1212
f 1249/1349/1213 1248/1346/1213 1246/1345/1213 1129/1351/1213
f 1190/1352/1214 1191/1341/1214 1245/1344/1214 1129/1351/1214
f 1246/1345/1214 1192/1342/1214 1190/1352/1214 1129/1351/1214
f 1202/1353/1215 1253/1354/1215 1251/1355/1215 1204/1347/1215
f 1252/1356/1216 1254/1357/1216 1203/1358/1216 1205/1350/1216
f 1200/1359/1217 1255/1360/1217 1253/1354/1217 1202/1353/1217
f 1254/1357/1218 1256/1361/1218 1201/1362/1218 1203/1358/1218
f 1199/1363/1219 1257/1364/1219 1255/1360/1219 1200/1359/1219
f 1256/1361/1220 1258/1365/1220 1199/1363/1220 1201/1362/1220
f 1198/1366/1221 1131/1367/1221 1257/1364/1221 1199/1363/1221
f 1258/1365/1222 1131/1367/1222 1198/1366/1222 1199/1363/1222
f 1250/1348/1223 1204/1347/1223 1251/1355/1223 1130/1368/1223
f 1252/1356/1224 1205/1350/1224 1250/1348/1224 1130/1368/1224
f 1130/1368/1225 1251/1355/1225 1266/1369/1225 1268/1370/1225
f 1267/1371/1226 1252/1356/1226 1130/1368/1226 1268/1370/1226
f 1131/1367/1227 1259/1372/1227 1260/1373/1227 1257/1364/1227
f 1261/1374/1228 1259/1372/1228 1131/1367/1228 1258/1365/1228
f 1257/1364/1229 1260/1373/1229 1262/1375/1229 1255/1360/1229
f 1263/1376/1230 1261/1374/1230 1258/1365/1230 1256/1361/1230
f 1255/1360/1231 1262/1375/1231 1264/1377/1231 1253/1354/1231
f 1265/1378/1232 1263/1376/1232 1256/1361/1232 1254/1357/1232
f 1253/1354/1233 1264/1377/1233 1266/1369/1233 1251/1355/1233
f 1267/1371/1234 1265/1378/1234 1254/1357/1234 1252/1356/1234
f 1259/1372/1235 1264/1377/1235 1262/1375/1235 1260/1373/1235
f 1263/1376/1236 1265/1378/1236 1259/1372/1236 1261/1374/1236
f 1259/1372/1237 1268/1370/1237 1266/1369/1237 1264/1377/1237
f 1267/1371/1238 1268/1370/1238 1259/1372/1238 1265/1378/1238
f 1199/1363/1239 1200/1359/1239 1224/1269/1239 1237/1329/1239
f 1225/1273/1240 1201/1362/1240 1199/1363/1240 1237/1329/1240
f 1200/1359/1241 1202/1353/1241 1271/1379/1241 1224/1269/1241
f 1272/1380/1242 1203/1358/1242 1201/1362/1242 1225/1273/1242
f 1202/1353/1243 1204/1347/1243 1273/1381/1243 1271/1379/1243
f 1274/1382/1244 1205/1350/1244 1203/1358/1244 1272/1380/1244
f 1204/1347/1245 1247/1343/1245 1226/1263/1245 1273/1381/1245
f 1227/1264/1246 1248/1346/1246 1205/1350/1246 1274/1382/1246
f 1141/1262/1247 1269/1383/1247 1273/1381/1247 1226/1263/1247
f 1274/1382/1248 1270/1384/1248 1142/1265/1248 1227/1264/1248
f 1269/1383/1249 1275/1385/1249 1271/1379/1249 1273/1381/1249
f 1272/1380/1250 1276/1386/1250 1270/1384/1250 1274/1382/1250
f 1139/1266/1251 1224/1269/1251 1271/1379/1251 1275/1385/1251
f 1272/1380/1252 1225/1273/1252 1140/1272/1252 1276/1386/1252
f 1191/1341/1253 1190/1352/1253 1132/1387/1253 1282/1388/1253
f 1132/1387/1254 1190/1352/1254 1192/1342/1254 1283/1389/1254
f 1193/1339/1255 1191/1341/1255 1282/1388/1255 1280/1390/1255
f 1283/1389/1256 1192/1342/1256 1194/1340/1256 1281/1391/1256
f 1195/1336/1257 1193/1339/1257 1280/1390/1257 1278/1392/1257
f 1281/1391/1258 1194/1340/1258 1196/1338/1258 1279/1393/1258
f 1197/1337/1259 1195/1336/1259 1278/1392/1259 1277/1394/1259
f 1279/1393/1260 1196/1338/1260 1197/1337/1260 1277/1394/1260
f 1277/1394/1261 1278/1392/1261 1289/1395/1261 1291/1396/1261
f 1290/1397/1262 1279/1393/1262 1277/1394/1262 1291/1396/1262
f 1278/1392/1263 1280/1390/1263 1287/1398/1263 1289/1395/1263
f 1288/1399/1264 1281/1391/1264 1279/1393/1264 1290/1397/1264
f 1280/1390/1265 1282/1388/1265 1285/1400/1265 1287/1398/1265
f 1286/1401/1266 1283/1389/1266 1281/1391/1266 1288/1399/1266
f 1282/1388/1267 1132/1387/1267 1284/1402/1267 1285/1400/1267
f 1284/1402/1268 1132/1387/1268 1283/1389/1268 1286/1401/1268
f 1284/1402/1269 1291/1396/1269 1289/1395/1269 1285/1400/1269
f 1290/1397/1270 1291/1396/1270 1284/1402/1270 1286/1401/1270
f 1285/1400/1271 1289/1395/1271 1287/1398/1271
f 1288/1399/1272 1290/1397/1272 1286/1401/1272
f 1243/1334/1273 1241/1328/1273 1294/1403/1273 1292/1404/1273
f 1295/1405/1274 1242/1330/1274 1244/1335/1274 1293/1406/1274
f 1172/1331/1275 1243/1334/1275 1292/1404/1275 1314/1407/1275
f 1293/1406/1276 1244/1335/1276 1173/1332/1276 1315/1408/1276
f 1170/1308/1277 1172/1331/1277 1314/1407/1277 1316/1409/1277
f 1315/1408/1278 1173/1332/1278 1171/1311/1278 1317/1410/1278
f 1241/1328/1279 1174/1326/1279 1312/1411/1279 1294/1403/1279
f 1313/1412/1280 1175/1327/1280 1242/1330/1280 1295/1405/1280
f 1174/1326/1281 1176/1324/1281 1310/1413/1281 1312/1411/1281
f 1311/1414/1282 1177/1325/1282 1175/1327/1282 1313/1412/1282
f 1176/1324/1283 1178/1322/1283 1308/1415/1283 1310/1413/1283
f 1309/1416/1284 1179/1323/1284 1177/1325/1284 1311/1414/1284
f 1178/1322/1285 1180/1320/1285 1306/1417/1285 1308/1415/1285
f 1307/1418/1286 1181/1321/1286 1179/1323/1286 1309/1416/1286
f 1180/1320/1287 1182/1318/1287 1304/1419/1287 1306/1417/1287
f 1305/1420/1288 1183/1319/1288 1181/1321/1288 1307/1418/1288
f 1182/1318/1289 1184/1316/1289 1302/1421/1289 1304/1419/1289
f 1303/1422/1290 1185/1317/1290 1183/1319/1290 1305/1420/1290
f 1184/1316/1291 1186/1314/1291 1300/1423/1291 1302/1421/1291
f 1301/1424/1292 1187/1315/1292 1185/1317/1292 1303/1422/1292
f 1186/1314/1293 1239/1312/1293 1296/1425/1293 1300/1423/1293
f 1297/1426/1294 1240/1313/1294 1187/1315/1294 1301/1424/1294
f 1239/1312/1295 1188/1309/1295 1298/1427/1295 1296/1425/1295
f 1299/1428/1296 1189/1310/1296 1240/1313/1296 1297/1426/1296
f 1188/1309/1297 1170/1308/1297 1316/1409/1297 1298/1427/1297
f 1317/1410/1298 1171/1311/1298 1189/1310/1298 1299/1428/1298
f 1298/1427/1299 1316/1409/1299 1318/1429/1299 1336/1430/1299
f 1319/1431/1300 1317/1410/1300 1299/1428/1300 1337/1432/1300
f 1296/1425/1301 1298/1427/1301 1336/1430/1301 1338/1433/1301
f 1337/1432/1302 1299/1428/1302 1297/1426/1302 1339/1434/1302
f 1300/1423/1303 1296/1425/1303 1338/1433/1303 1334/1435/1303
f 1339/1434/1304 1297/1426/1304 1301/1424/1304 1335/1436/1304
f 1302/1421/1305 1300/1423/1305 1334/1435/1305 1332/1437/1305
f 1335/1436/1306 1301/1424/1306 1303/1422/1306 1333/1438/1306
f 1304/1419/1307 1302/1421/1307 1332/1437/1307 1330/1439/1307
f 1333/1438/1308 1303/1422/1308 1305/1420/1308 1331/1440/1308
f 1306/1417/1309 1304/1419/1309 1330/1439/1309 1328/1441/1309
f 1331/1440/1310 1305/1420/1310 1307/1418/1310 1329/1442/1310
f 1308/1415/1311 1306/1417/1311 1328/1441/1311 1326/1443/1311
f 1329/1442/1312 1307/1418/1312 1309/1416/1312 1327/1444/1312
f 1310/1413/1313 1308/1415/1313 1326/1443/1313 1324/1445/1313
f 1327/1444/1314 1309/1416/1314 1311/1414/1314 1325/1446/1314
f 1312/1411/1315 1310/1413/1315 1324/1445/1315 1322/1447/1315
f 1325/1446/1316 1311/1414/1316 1313/1412/1316 1323/1448/1316
f 1294/1403/1317 1312/1411/1317 1322/1447/1317 1340/1449/1317
f 1323/1448/1318 1313/1412/1318 1295/1405/1318 1341/1450/1318
f 1316/1409/1319 1314/1407/1319 1320/1451/1319 1318/1429/1319
f 1321/1452/1320 1315/1408/1320 1317/1410/1320 1319/1431/1320
f 1314/1407/1321 1292/1404/1321 1342/1453/1321 1320/1451/1321
f 1343/1454/1322 1293/1406/1322 1315/1408/1322 1321/1452/1322
f 1292/1404/1323 1294/1403/1323 1340/1449/1323 1342/1453/1323
f 1341/1450/1324 1295/1405/1324 1293/1406/1324 1343/1454/1324
f 1127/1306/1325 1168/1302/1325 1344/1455/1325 1133/1456/1325
f 1345/1457/1326 1169/1305/1326 1127/1306/1326 1133/1456/1326
f 1168/1302/1327 1166/1298/1327 1346/1458/1327 1344/1455/1327
f 1347/1459/1328 1167/1301/1328 1169/1305/1328 1345/1457/1328
f 1166/1298/1329 1164/1294/1329 1348/1460/1329 1346/1458/1329
f 1349/1461/1330 1165/1297/1330 1167/1301/1330 1347/1459/1330
f 1164/1294/1331 1162/1290/1331 1350/1462/1331 1348/1460/1331
f 1351/1463/1332 1163/1293/1332 1165/1297/1332 1349/1461/1332
f 1162/1290/1333 1160/1286/1333 1352/1464/1333 1350/1462/1333
f 1353/1465/1334 1161/1289/1334 1163/1293/1334 1351/1463/1334
f 1160/1286/1335 1158/1282/1335 1354/1466/1335 1352/1464/1335
f 1355/1467/1336 1159/1285/1336 1161/1289/1336 1353/1465/1336
f 1158/1282/1337 1156/1278/1337 1356/1468/1337 1354/1466/1337
f 1357/1469/1338 1157/1281/1338 1159/1285/1338 1355/1467/1338
f 1156/1278/1339 1154/1274/1339 1358/1470/1339 1356/1468/1339
f 1359/1471/1340 1155/1277/1340 1157/1281/1340 1357/1469/1340
f 1154/1274/1341 1152/1267/1341 1360/1472/1341 1358/1470/1341
f 1361/1473/1342 1153/1271/1342 1155/1277/1342 1359/1471/1342
f 1368/1474/1343 1369/1475/1343 1388/1476/1343 1398/1477/1343
f 1389/1478/1344 1369/1479/1344 1368/1480/1344 1399/1481/1344
f 1367/1482/1345 1368/1474/1345 1398/1477/1345 1396/1483/1345
f 1399/1481/1346 1368/1480/1346 1367/1484/1346 1397/1485/1346
f 1366/1486/1347 1367/1482/1347 1396/1483/1347 1400/1487/1347
f 1397/1485/1348 1367/1484/1348 1366/1486/1348 1401/1488/1348
f 1149/1244/1349 1151/1247/1349 1366/1486/1349 1400/1487/1349
f 1366/1486/1350 1151/1247/1350 1150/1249/1350 1401/1488/1350
f 1147/1250/1351 1149/1244/1351 1400/1487/1351 1394/1489/1351
f 1401/1488/1352 1150/1249/1352 1148/1253/1352 1395/1490/1352
f 1145/1254/1353 1147/1250/1353 1394/1489/1353 1390/1491/1353
f 1395/1490/1354 1148/1253/1354 1146/1257/1354 1391/1492/1354
f 1143/1258/1355 1145/1254/1355 1390/1491/1355 1392/1493/1355
f 1391/1492/1356 1146/1257/1356 1144/1261/1356 1393/1494/1356
f 1390/1491/1357 1396/1483/1357 1398/1477/1357 1392/1493/1357
f 1399/1481/1358 1397/1485/1358 1391/1492/1358 1393/1494/1358
f 1390/1491/1359 1394/1489/1359 1400/1487/1359 1396/1483/1359
f 1401/1488/1360 1395/1490/1360 1391/1492/1360 1397/1485/1360
f 1386/1495/1361 1392/1493/1361 1398/1477/1361 1388/1476/1361
f 1399/1481/1362 1393/1494/1362 1387/1496/1362 1389/1478/1362
f 1141/1262/1363 1143/1258/1363 1392/1493/1363 1386/1495/1363
f 1393/1494/1364 1144/1261/1364 1142/1265/1364 1387/1496/1364
f 1269/1383/1365 1402/1497/1365 1404/1498/1365 1275/1385/1365
f 1405/1499/1366 1403/1500/1366 1270/1384/1366 1276/1386/1366
f 1141/1262/1367 1386/1495/1367 1402/1497/1367 1269/1383/1367
f 1403/1500/1368 1387/1496/1368 1142/1265/1368 1270/1384/1368
f 1139/1266/1369 1275/1385/1369 1404/1498/1369 1406/1501/1369
f 1405/1499/1370 1276/1386/1370 1140/1272/1370 1407/1502/1370
f 1139/1266/1371 1406/1501/1371 1360/1472/1371 1152/1267/1371
f 1361/1473/1372 1407/1502/1372 1140/1272/1372 1153/1271/1372
f 1137/1503/1373 1384/1504/1373 1412/1505/1373 1364/1506/1373
f 1413/1507/1374 1385/1508/1374 1137/1509/1374 1364/1510/1374
f 1364/1506/1375 1412/1505/1375 1410/1511/1375 1138/1512/1375
f 1411/1513/1376 1413/1507/1376 1364/1510/1376 1138/1514/1376
f 1138/1512/1377 1410/1511/1377 1408/1515/1377 1365/1516/1377
f 1409/1517/1378 1411/1513/1378 1138/1514/1378 1365/1518/1378
f 1365/1516/1379 1408/1515/1379 1388/1476/1379 1369/1475/1379
f 1389/1478/1380 1409/1517/1380 1365/1518/1380 1369/1479/1380
f 1386/1495/1381 1388/1476/1381 1408/1515/1381 1402/1497/1381
f 1409/1517/1382 1389/1478/1382 1387/1496/1382 1403/1500/1382
f 1356/1468/1383 1358/1470/1383 1378/1519/1383 1370/1520/1383
f 1379/1521/1384 1359/1471/1384 1357/1469/1384 1371/1522/1384
f 1136/1523/1385 1376/1524/1385 1384/1504/1385 1137/1503/1385
f 1385/1508/1386 1377/1525/1386 1136/1526/1386 1137/1509/1386
f 1362/1527/1387 1418/1528/1387 1416/1529/1387 1363/1530/1387
f 1417/1531/1388 1419/1532/1388 1362/1533/1388 1363/1534/1388
f 1363/1530/1389 1416/1529/1389 1414/1535/1389 1135/1536/1389
f 1415/1537/1390 1417/1531/1390 1363/1534/1390 1135/1538/1390
f 1135/1536/1391 1414/1535/1391 1376/1524/1391 1136/1523/1391
f 1377/1525/1392 1415/1537/1392 1135/1538/1392 1136/1526/1392
f 1352/1539/1393 1354/1466/1393 1422/1540/1393 1424/1541/1393
f 1423/1542/1394 1355/1467/1394 1353/1543/1394 1425/1544/1394
f 1424/1541/1395 1422/1540/1395 1428/1545/1395 1426/1546/1395
f 1429/1547/1396 1423/1542/1396 1425/1544/1396 1427/1548/1396
f 1426/1546/1397 1428/1545/1397 1430/1549/1397 1432/1550/1397
f 1431/1551/1398 1429/1547/1398 1427/1548/1398 1433/1552/1398
f 1432/1550/1399 1430/1549/1399 1436/1553/1399 1434/1554/1399
f 1437/1555/1400 1431/1551/1400 1433/1552/1400 1435/1556/1400
f 1374/1557/1401 1438/1558/1401 1434/1554/1401 1436/1553/1401
f 1435/1556/1402 1439/1559/1402 1375/1560/1402 1437/1555/1402
f 1376/1524/1403 1414/1535/1403 1434/1554/1403 1438/1558/1403
f 1435/1556/1404 1415/1537/1404 1377/1525/1404 1439/1559/1404
f 1414/1535/1405 1416/1529/1405 1432/1550/1405 1434/1554/1405
f 1433/1552/1406 1417/1531/1406 1415/1537/1406 1435/1556/1406
f 1416/1529/1407 1418/1528/1407 1426/1546/1407 1432/1550/1407
f 1427/1548/1408 1419/1532/1408 1417/1531/1408 1433/1552/1408
f 1418/1528/1409 1420/1561/1409 1424/1541/1409 1426/1546/1409
f 1425/1544/1410 1421/1562/1410 1419/1532/1410 1427/1548/1410
f 1350/1563/1411 1352/1539/1411 1424/1541/1411 1420/1561/1411
f 1425/1544/1412 1353/1543/1412 1351/1564/1412 1421/1562/1412
f 1134/1565/1413 1420/1561/1413 1418/1528/1413 1362/1527/1413
f 1419/1532/1414 1421/1562/1414 1134/1566/1414 1362/1533/1414
f 1344/1567/1415 1346/1568/1415 1348/1569/1415 1350/1563/1415
f 1349/1570/1416 1347/1571/1416 1345/1572/1416 1351/1564/1416
f 1344/1567/1417 1350/1563/1417 1420/1561/1417 1134/1565/1417
f 1421/1562/1418 1351/1564/1418 1345/1572/1418 1134/1566/1418
f 1133/1573/1419 1344/1567/1419 1134/1565/1419
f 1134/1566/1420 1345/1572/1420 1133/1574/1420
f 1354/1466/1421 1356/1468/1421 1370/1520/1421 1422/1540/1421
f 1371/1522/1422 1357/1469/1422 1355/1467/1422 1423/1542/1422
f 1370/1520/1423 1372/1575/1423 1428/1545/1423 1422/1540/1423
f 1429/1547/1424 1373/1576/1424 1371/1522/1424 1423/1542/1424
f 1372/1575/1425 1442/1577/1425 1430/1549/1425 1428/1545/1425
f 1431/1551/1426 1443/1578/1426 1373/1576/1426 1429/1547/1426
f 1374/1557/1427 1436/1553/1427 1430/1549/1427 1442/1577/1427
f 1431/1551/1428 1437/1555/1428 1375/1560/1428 1443/1578/1428
f 1408/1515/1429 1410/1511/1429 1446/1579/1429 1444/1580/1429
f 1447/1581/1430 1411/1513/1430 1409/1517/1430 1445/1582/1430
f 1378/1519/1431 1444/1580/1431 1446/1579/1431 1380/1583/1431
f 1447/1581/1432 1445/1582/1432 1379/1521/1432 1381/1584/1432
f 1358/1470/1433 1360/1472/1433 1444/1580/1433 1378/1519/1433
f 1445/1582/1434 1361/1473/1434 1359/1471/1434 1379/1521/1434
f 1360/1472/1435 1404/1498/1435 1402/1497/1435 1444/1580/1435
f 1403/1500/1436 1405/1499/1436 1361/1473/1436 1445/1582/1436
f 1402/1497/1437 1408/1515/1437 1444/1580/1437
f 1445/1582/1438 1409/1517/1438 1403/1500/1438
f 1360/1472/1439 1406/1501/1439 1404/1498/1439
f 1405/1499/1440 1407/1502/1440 1361/1473/1440
f 1374/1557/1441 1382/1585/1441 1440/1586/1441 1438/1558/1441
f 1441/1587/1442 1383/1588/1442 1375/1560/1442 1439/1559/1442
f 1376/1524/1443 1438/1558/1443 1440/1586/1443 1384/1504/1443
f 1441/1587/1444 1439/1559/1444 1377/1525/1444 1385/1508/1444
f 1380/1583/1445 1446/1579/1445 1440/1586/1445 1382/1585/1445
f 1441/1587/1446 1447/1581/1446 1381/1584/1446 1383/1588/1446
f 1410/1511/1447 1412/1505/1447 1440/1586/1447 1446/1579/1447
f 1441/1587/1448 1413/1507/1448 1411/1513/1448 1447/1581/1448
f 1384/1504/1449 1440/1586/1449 1412/1505/1449
f 1413/1507/1450 1441/1587/1450 1385/1508/1450
f 1460/1589/1451 1448/1590/1451 1474/1591/1451 1462/1592/1451
f 1475/1593/1452 1449/1594/1452 1461/1595/1452 1463/1596/1452
f 1460/1589/1453 1462/1592/1453 1464/1597/1453 1458/1598/1453
f 1465/1599/1454 1463/1596/1454 1461/1595/1454 1459/1600/1454
f 1458/1598/1455 1464/1597/1455 1466/1601/1455 1456/1602/1455
f 1467/1603/1456 1465/1599/1456 1459/1600/1456 1457/1604/1456
f 1456/1602/1457 1466/1601/1457 1468/1605/1457 1454/1606/1457
f 1469/1607/1458 1467/1603/1458 1457/1604/1458 1455/1608/1458
f 1454/1606/1459 1468/1605/1459 1470/1609/1459 1452/1610/1459
f 1471/1611/1460 1469/1607/1460 1455/1608/1460 1453/1612/1460
f 1452/1610/1461 1470/1609/1461 1472/1613/1461 1450/1614/1461
f 1473/1615/1462 1471/1611/1462 1453/1612/1462 1451/1616/1462
f 1470/1609/1463 1480/1617/1463 1478/1618/1463 1472/1613/1463
f 1479/1619/1464 1481/1620/1464 1471/1611/1464 1473/1615/1464
f 1468/1605/1465 1482/1621/1465 1480/1617/1465 1470/1609/1465
f 1481/1620/1466 1483/1622/1466 1469/1607/1466 1471/1611/1466
f 1466/1601/1467 1484/1623/1467 1482/1621/1467 1468/1605/1467
f 1483/1622/1468 1485/1624/1468 1467/1603/1468 1469/1607/1468
f 1464/1597/1469 1486/1625/1469 1484/1623/1469 1466/1601/1469
f 1485/1624/1470 1487/1626/1470 1465/1599/1470 1467/1603/1470
f 1462/1592/1471 1488/1627/1471 1486/1625/1471 1464/1597/1471
f 1487/1626/1472 1489/1628/1472 1463/1596/1472 1465/1599/1472
f 1462/1592/1473 1474/1591/1473 1476/1629/1473 1488/1627/1473
f 1477/1630/1474 1475/1593/1474 1463/1596/1474 1489/1628/1474
f 1378/1519/1475 1380/1583/1475 1504/1631/1475 1502/1632/1475
f 1505/1633/1476 1381/1584/1476 1379/1521/1476 1503/1634/1476
f 1380/1635/1477 1450/1614/1477 1472/1613/1477 1504/1636/1477
f 1473/1615/1478 1451/1616/1478 1381/1637/1478 1505/1638/1478
f 1370/1520/1479 1378/1519/1479 1502/1632/1479 1372/1575/1479
f 1503/1634/1480 1379/1521/1480 1371/1522/1480 1373/1576/1480
f 1442/1639/1481 1490/1640/1481 1474/1591/1481 1448/1590/1481
f 1475/1593/1482 1491/1641/1482 1443/1642/1482 1449/1594/1482
f 1472/1613/1483 1478/1618/1483 1500/1643/1483 1504/1636/1483
f 1501/1644/1484 1479/1619/1484 1473/1615/1484 1505/1638/1484
f 1498/1645/1485 1506/1646/1485 1504/1636/1485 1500/1643/1485
f 1505/1638/1486 1507/1647/1486 1499/1648/1486 1501/1644/1486
f 1494/1649/1487 1506/1646/1487 1498/1645/1487 1496/1650/1487
f 1499/1648/1488 1507/1647/1488 1495/1651/1488 1497/1652/1488
f 1492/1653/1489 1508/1654/1489 1506/1646/1489 1494/1649/1489
f 1507/1647/1490 1509/1655/1490 1493/1656/1490 1495/1651/1490
f 1490/1640/1491 1508/1654/1491 1492/1653/1491 1510/1657/1491
f 1493/1656/1492 1509/1655/1492 1491/1641/1492 1511/1658/1492
f 1474/1591/1493 1490/1640/1493 1510/1657/1493 1476/1629/1493
f 1511/1658/1494 1491/1641/1494 1475/1593/1494 1477/1630/1494
f 1372/1575/1495 1508/1659/1495 1490/1660/1495 1442/1577/1495
f 1491/1661/1496 1509/1662/1496 1373/1576/1496 1443/1578/1496
f 1372/1575/1497 1502/1632/1497 1506/1663/1497 1508/1659/1497
f 1507/1664/1498 1503/1634/1498 1373/1576/1498 1509/1662/1498
f 1502/1632/1499 1504/1631/1499 1506/1663/1499
f 1507/1664/1500 1505/1633/1500 1503/1634/1500
f 1476/1629/1501 1510/1657/1501 1512/1665/1501 1536/1666/1501
f 1513/1667/1502 1511/1658/1502 1477/1630/1502 1537/1668/1502
f 1510/1657/1503 1492/1653/1503 1522/1669/1503 1512/1665/1503
f 1523/1670/1504 1493/1656/1504 1511/1658/1504 1513/1667/1504
f 1492/1653/1505 1494/1649/1505 1520/1671/1505 1522/1669/1505
f 1521/1672/1506 1495/1651/1506 1493/1656/1506 1523/1670/1506
f 1494/1649/1507 1496/1650/1507 1518/1673/1507 1520/1671/1507
f 1519/1674/1508 1497/1652/1508 1495/1651/1508 1521/1672/1508
f 1496/1650/1509 1498/1645/1509 1516/1675/1509 1518/1673/1509
f 1517/1676/1510 1499/1648/1510 1497/1652/1510 1519/1674/1510
f 1498/1645/1511 1500/1643/1511 1514/1677/1511 1516/1675/1511
f 1515/1678/1512 1501/1644/1512 1499/1648/1512 1517/1676/1512
f 1500/1643/1513 1478/1618/1513 1534/1679/1513 1514/1677/1513
f 1535/1680/1514 1479/1619/1514 1501/1644/1514 1515/1678/1514
f 1488/1627/1515 1476/1629/1515 1536/1666/1515 1524/1681/1515
f 1537/1668/1516 1477/1630/1516 1489/1628/1516 1525/1682/1516
f 1486/1625/1517 1488/1627/1517 1524/1681/1517 1526/1683/1517
f 1525/1682/1518 1489/1628/1518 1487/1626/1518 1527/1684/1518
f 1484/1623/1519 1486/1625/1519 1526/1683/1519 1528/1685/1519
f 1527/1684/1520 1487/1626/1520 1485/1624/1520 1529/1686/1520
f 1482/1621/1521 1484/1623/1521 1528/1685/1521 1530/1687/1521
f 1529/1686/1522 1485/1624/1522 1483/1622/1522 1531/1688/1522
f 1480/1617/1523 1482/1621/1523 1530/1687/1523 1532/1689/1523
f 1531/1688/1524 1483/1622/1524 1481/1620/1524 1533/1690/1524
f 1478/1618/1525 1480/1617/1525 1532/1689/1525 1534/1679/1525
f 1533/1690/1526 1481/1620/1526 1479/1619/1526 1535/1680/1526
f 1518/1673/1527 1516/1675/1527 1540/1691/1527 1538/1692/1527
f 1541/1693/1528 1517/1676/1528 1519/1674/1528 1539/1694/1528
f 1538/1692/1529 1540/1691/1529 1542/1695/1529 1544/1696/1529
f 1543/1697/1530 1541/1693/1530 1539/1694/1530 1545/1698/1530
f 1544/1696/1531 1542/1695/1531 1548/1699/1531 1546/1700/1531
f 1549/1701/1532 1543/1697/1532 1545/1698/1532 1547/1702/1532
f 1546/1700/1533 1548/1699/1533 1550/1703/1533 1552/1704/1533
f 1551/1705/1534 1549/1701/1534 1547/1702/1534 1553/1706/1534
f 1524/1681/1535 1536/1666/1535 1546/1700/1535 1552/1704/1535
f 1547/1702/1536 1537/1668/1536 1525/1682/1536 1553/1706/1536
f 1512/1665/1537 1544/1696/1537 1546/1700/1537 1536/1666/1537
f 1547/1702/1538 1545/1698/1538 1513/1667/1538 1537/1668/1538
f 1512/1665/1539 1522/1669/1539 1538/1692/1539 1544/1696/1539
f 1539/1694/1540 1523/1670/1540 1513/1667/1540 1545/1698/1540
f 1518/1673/1541 1538/1692/1541 1522/1669/1541 1520/1671/1541
f 1523/1670/1542 1539/1694/1542 1519/1674/1542 1521/1672/1542
f 1514/1677/1543 1534/1679/1543 1540/1691/1543 1516/1675/1543
f 1541/1693/1544 1535/1680/1544 1515/1678/1544 1517/1676/1544
f 1532/1689/1545 1542/1695/1545 1540/1691/1545 1534/1679/1545
f 1541/1693/1546 1543/1697/1546 1533/1690/1546 1535/1680/1546
f 1530/1687/1547 1548/1699/1547 1542/1695/1547 1532/1689/1547
f 1543/1697/1548 1549/1701/1548 1531/1688/1548 1533/1690/1548
f 1528/1685/1549 1550/1703/1549 1548/1699/1549 1530/1687/1549
f 1549/1701/1550 1551/1705/1550 1529/1686/1550 1531/1688/1550
f 1526/1683/1551 1552/1704/1551 1550/1703/1551 1528/1685/1551
f 1551/1705/1552 1553/1706/1552 1527/1684/1552 1529/1686/1552
f 1524/1681/1553 1552/1704/1553 1526/1683/1553
f 1527/1684/1554 1553/1706/1554 1525/1682/1554
f 1452/1610/1555 1450/1614/1555 1564/1707/1555 1562/1708/1555
f 1565/1709/1556 1451/1616/1556 1453/1612/1556 1563/1710/1556
f 1454/1606/1557 1452/1610/1557 1562/1708/1557 1560/1711/1557
f 1563/1710/1558 1453/1612/1558 1455/1608/1558 1561/1712/1558
f 1456/1602/1559 1454/1606/1559 1560/1711/1559 1558/1713/1559
f 1561/1712/1560 1455/1608/1560 1457/1604/1560 1559/1714/1560
f 1458/1715/1561 1456/1602/1561 1558/1713/1561 1556/1716/1561
f 1559/1714/1562 1457/1604/1562 1459/1717/1562 1557/1718/1562
f 1460/1719/1563 1458/1715/1563 1556/1716/1563 1554/1720/1563
f 1557/1718/1564 1459/1717/1564 1461/1721/1564 1555/1722/1564
f 1448/1723/1565 1460/1719/1565 1554/1720/1565 1566/1724/1565
f 1555/1722/1566 1461/1721/1566 1449/1725/1566 1567/1726/1566
f 1554/1720/1567 1562/1708/1567 1564/1707/1567 1566/1724/1567
f 1565/1709/1568 1563/1710/1568 1555/1722/1568 1567/1726/1568
f 1554/1720/1569 1556/1716/1569 1560/1711/1569 1562/1708/1569
f 1561/1712/1570 1557/1718/1570 1555/1722/1570 1563/1710/1570
f 1556/1716/1571 1558/1713/1571 1560/1711/1571
f 1561/1712/1572 1559/1714/1572 1557/1718/1572
f 1374/1727/1573 1442/1728/1573 1448/1723/1573 1566/1724/1573
f 1449/1725/1574 1443/1729/1574 1375/1730/1574 1567/1726/1574
f 1374/1727/1575 1566/1724/1575 1564/1707/1575 1382/1731/1575
f 1565/1709/1576 1567/1726/1576 1375/1730/1576 1383/1732/1576
f 1380/1635/1577 1382/1731/1577 1564/1707/1577 1450/1614/1577
f 1565/1709/1578 1383/1732/1578 1381/1637/1578 1451/1616/1578
